Year,Month,Yr.Mon,AGUABUENA,AGUACLARA,AGUASALUD,ALHAJUELA,AMADOR,ARCASONIA,BALBOADOCKS,BALBOAFAA,BALBOAHTS,BARBACOA,BATATILLA,BATEALES,BCI,BOCATUCUE,CABACERA,CANDELARIA,CANO,CANONES,CASCADAS,CERROCAMA,CERROCOCOLI,CHAGRECITO,CHAMON,CHICO,CHICOCABERCERA,CHISNA,CHORRO,CIENTO,COCLENORTE,COCOLI326,COROZAL,CRISTOBAL,DIABLO,DOSBOCAS,EMPIREHILL,ESCANDALOSA,ESPERANZA,FRIJOLITO,FTS,GALETA,GAMBOA,GASPARILLAL,GATUN,GATUNCENTRAL,GATUNWEST,GUACHA,HODGESHILL,HUMEDAD,INDIOCHORROS,ISLABRUJA,JAGUA,LIMPIO,LOSDARIELES,LOSHULES,MARIAS,MIRAFLORES,MONTELIRIO,NUEVABORINQUEN,PALMARAZO,PEDROMIGEL,PELUCA,PUNTABOHIO,PUNTAFRIJOLES,RAICES,RIOPIEDRAS,SALAMANCA,SANMIGUEL,SAN PEDRO,SANTACLARA,SANTAROSA,SANVICENTE,TRANQUILLA,VALLECENTRALGATUN,VISTAMARES,ZANGUENGA
2000,1,2000,-9,106.7,-9,27.9,-9,81.3,-9,53.3,43.2,-9,179.9,-9,154.9,-9,-9,127,94,236.2,53.3,-9,-9,-9,340.4,43.2,-9,-9,116.8,160,-9,-9,-9,83.8,68.6,-9,78.7,246.4,436.9,55.9,89.7,30,35.6,-9,119.4,-9,104.1,73.7,91.4,114.3,-9,-9,160,-9,-9,-9,-9,48.3,86.4,-9,-9,45.7,167.6,-9,-9,99.1,119.4,81.3,238.8,-9,-9,33,-9,-9,-9,96.5,-9
2000,2,2000.08,-9,17.8,-9,0,-9,15.2,-9,81.3,35.6,-9,68.6,-9,10.2,-9,-9,73.7,30.5,35.6,2.5,-9,-9,-9,149.9,2.5,-9,-9,22.9,7.6,-9,-9,-9,0,71.1,-9,0,76.2,198.1,15.2,54.2,12,7.6,-9,22.9,-9,25.4,12.7,5.1,35.6,-9,-9,127,-9,-9,-9,-9,10.2,20.3,-9,-9,7.6,63.5,-9,-9,20.3,27.9,12.7,106.7,-9,-9,2.5,-9,-9,-9,27.9,-9
2000,3,2000.17,-9,15.2,-9,22.9,-9,20.3,-9,22.9,12.7,-9,59.6,-9,2.5,-9,-9,40.6,0,12.7,10.2,-9,-9,-9,106.7,5.1,-9,-9,10.2,7.6,-9,-9,-9,0,5.1,-9,2.5,94,185.4,7.6,6.8,0,2.5,-9,15.2,-9,10.2,2.5,2.5,10.2,-9,-9,35.6,-9,-9,-9,-9,0,7.6,-9,-9,0,40.6,-9,-9,2.5,33,5.1,91.4,-9,-9,5.1,-9,-9,-9,33,-9
2000,4,2000.25,-9,114.3,-9,55.9,-9,35.6,-9,76.2,66,-9,132.1,-9,170.2,-9,-9,91.4,86.4,109.2,106.7,61,-9,-9,215.9,66,-9,-9,50.8,73.7,-9,-9,-9,2.5,78.7,-9,111.8,152.4,233.7,86.4,118.5,72,91.4,-9,132.1,-9,142.2,71.1,114.3,111.8,-9,-9,149.9,-9,165.1,-9,-9,182.9,132.1,-9,-9,144.8,78.7,-9,-9,61,142.2,76.2,188,-9,-9,66,-9,-9,-9,172.7,-9
2000,5,2000.33,-9,312.4,-9,251.5,-9,447,-9,180.3,198.1,-9,343.5,-9,188,-9,-9,271.8,243.8,279.4,299.7,228.6,-9,-9,424.2,226.1,-9,-9,322.6,378.5,-9,-9,-9,58.4,160,335.3,221,355.6,602,388.6,435.1,351,330.2,-9,406.4,-9,330.2,299.7,259.1,185.4,-9,-9,325.1,-9,398.8,-9,-9,193,236.2,-9,-9,200.7,325.1,-9,-9,215.9,274.3,73.7,444.5,-9,-9,248.9,-9,-9,-9,342.9,-9
2000,6,2000.42,-9,566.4,-9,309.9,-9,345.4,-9,287,279.4,-9,436.2,-9,271.8,-9,-9,459.7,284.5,373.4,289.6,378.5,-9,-9,530.9,403.9,-9,-9,317.5,561.3,-9,-9,-9,574,256.5,487.7,248.9,518.2,469.9,284.5,595.9,515,315,-9,579.1,-9,541,406.4,284.5,452.1,-9,-9,370.8,-9,431.8,-9,-9,269.2,320,-9,-9,302.3,528.3,-9,-9,495.3,454.7,350.5,508,-9,-9,269.2,-9,-9,-9,525.8,-9
2000,7,2000.5,-9,261.6,-9,279.4,-9,360.7,-9,195.6,203.2,-9,267.6,-9,213.4,-9,-9,198.1,144.8,218.4,162.6,160,-9,-9,221,165.1,-9,-9,175.3,289.6,-9,-9,-9,144.8,190.5,401.3,147.3,256.5,375.9,269.2,159.6,157,160,-9,228.6,-9,215.9,215.9,154.9,157.5,-9,-9,274.3,-9,325.1,-9,-9,241.3,259.1,-9,-9,236.2,137.2,-9,-9,198.1,243.8,-9,317.5,-9,-9,221,-9,-9,-9,266.7,-9
2000,8,2000.58,-9,429.3,-9,330.2,-9,447,-9,149.8,165.1,-9,403.1,-9,312.4,-9,-9,350.5,198.1,307.3,238.7,208.2,-9,-9,360.6,459.7,-9,-9,386,307.3,-9,-9,-9,322.6,129.5,459.7,243.8,375.9,378.4,246.3,248.1,355,274.3,-9,241.3,-9,248.9,243.8,256.5,160,-9,-9,271.7,-9,-9,-9,-9,203.2,256.5,-9,-9,271.7,302.2,-9,-9,205.7,459.7,-9,414,-9,-9,360.6,-9,-9,-9,426.7,-9
2000,9,2000.67,-9,355.6,-9,203.2,-9,396.2,-9,256.5,231.1,-9,326,-9,175.3,-9,-9,259.1,203.2,231.1,327.7,259.1,-9,-9,317.5,332.7,-9,-9,167.6,304.8,-9,-9,-9,228.6,312.4,416.6,309.9,142.2,289.6,312.4,148,129,304.8,-9,142.2,-9,137.2,182.9,287,129.5,-9,-9,223.5,-9,-9,-9,-9,210.8,121.9,-9,-9,236.2,172.7,-9,-9,129.5,452.1,-9,271.8,-9,-9,294.6,-9,-9,-9,535.9,-9
2000,10,2000.75,-9,845.8,-9,312.4,-9,447,-9,292.1,332.7,-9,454.2,-9,594.4,-9,-9,467.4,360.7,337.8,353.1,332.7,-9,-9,368.3,477.5,-9,-9,327.7,823,-9,-9,-9,533.4,276.9,408.9,322.6,454.7,561.3,307.3,575.1,523,317.5,299.7,680.7,-9,622.3,477.5,312.4,378.5,-9,-9,271.8,-9,-9,-9,-9,350.5,543.6,-9,-9,348,403.9,-9,-9,375.9,462.3,-9,505.5,-9,-9,353.1,-9,-9,-9,439.4,-9
2000,11,2000.83,-9,256.5,-9,200.7,-9,165.1,-9,200.7,193,-9,257.2,-9,264.2,-9,-9,198.1,223.5,205.7,213.4,215.9,-9,-9,279.4,157.5,-9,-9,190.5,205.7,-9,-9,-9,203.2,165.1,467.4,160,317.5,221,210.8,253.3,224,215.9,137.2,182.9,-9,198.1,274.3,99.1,175.3,-9,-9,226.1,-9,-9,-9,-9,139.7,215.9,-9,-9,167.6,205.7,-9,-9,203.2,287,-9,325.1,-9,-9,261.6,-9,-9,-9,205.7,-9
2000,12,2000.92,-9,726.4,-9,322.6,-9,401.3,-9,132.1,149.9,-9,711.4,-9,452.1,-9,-9,655.3,342.9,287,193,332.7,-9,-9,1000.7,500.4,-9,-9,271.8,569,-9,-9,-9,619.8,144.8,866.1,157.5,787.4,977.9,317.5,658,662,215.9,223.5,718.8,-9,685.8,607.1,165.1,459.7,-9,-9,218.4,-9,-9,-9,-9,170.2,563.9,-9,-9,177.8,652.8,-9,-9,538.5,718.8,-9,789.9,-9,-9,248.9,-9,-9,-9,475,-9
2001,1,2001,-9,134.6,-9,35.6,-9,17.8,-9,17.8,12.7,-9,76,-9,96.5,-9,-9,40.6,33,68.6,17.8,30.5,-9,-9,91.4,5.1,-9,-9,45.7,81.3,-9,-9,-9,114.3,7.6,198.1,15.2,81.3,198.1,73.7,92.6,98,25.4,38.1,66,-9,45.7,73.7,7.6,61,-9,-9,55.9,-9,-9,-9,-9,15.2,99.1,-9,-9,12.7,43.2,-9,-9,50.8,22.9,-9,106.7,-9,-9,63.5,-9,-9,-9,30.5,-9
2001,2,2001.08,-9,5.1,-9,0,-9,0,-9,0,0,-9,30.2,-9,0,-9,-9,10.2,0,7.6,0,0,-9,-9,50.8,0,-9,-9,0,0,-9,-9,-9,2.5,0,76.2,0,35.6,78.7,0,2.8,4,2.5,0,5.1,-9,2.5,5.1,12.7,0,-9,-9,5.1,-9,-9,-9,-9,0,5.1,-9,-9,0,10.2,-9,-9,0,7.6,-9,43.2,-9,-9,0,-9,-9,-9,20.3,-9
2001,3,2001.17,-9,78.7,-9,17.8,-9,5.1,-9,0,0,-9,65.8,-9,7.6,-9,-9,48.3,22.9,35.6,10.2,33,-9,-9,15.2,15.2,-9,-9,43.2,73.7,-9,-9,-9,63.5,0,154.9,12.7,71.1,185.4,43.2,168,30,25.4,33,132.1,-9,152.4,71.1,7.6,55.9,-9,-9,43.2,-9,-9,-9,-9,2.5,20.3,-9,-9,2.5,55.9,-9,-9,81.3,38.1,-9,88.9,-9,-9,15.2,-9,-9,-9,45.7,-9
2001,4,2001.25,-9,33,-9,0,-9,2.5,-9,50.8,58.4,-9,100.4,-9,20.3,-9,-9,45.7,5.1,27.9,30.5,25.4,-9,-9,180.3,30.5,-9,-9,30.5,20.3,-9,-9,-9,20.3,17.8,226.1,20.3,73.7,264.2,91.4,52,12,35.6,30.5,35.6,-9,22.9,35.6,25.4,43.2,-9,-9,50.8,-9,-9,-9,-9,45.7,48.3,-9,-9,40.6,40.6,-9,-9,27.9,35.6,-9,160,-9,-9,17.8,-9,-9,-9,45.7,-9
2001,5,2001.33,-9,248.9,-9,193,-9,190.5,-9,203.2,172.7,-9,223.5,-9,210.8,-9,-9,137.2,210.8,294.6,132.1,175.3,-9,-9,-9,167.6,-9,-9,134.6,238.8,-9,-9,-9,221,165.1,312.4,137.2,185.4,363.2,144.8,181.4,236,119.4,154.9,149.9,-9,144.8,142.2,121.9,160,-9,-9,330.2,-9,-9,-9,-9,193,167.6,-9,-9,172.7,154.9,-9,-9,114.3,172.7,-9,208.3,-9,-9,213.4,-9,-9,-9,342.9,-9
2001,6,2001.42,-9,170.2,-9,215.9,-9,327.7,-9,254,221,-9,301.8,-9,180.3,-9,-9,203.2,175.3,243.8,162.6,152.4,-9,-9,-9,228.6,-9,-9,317.5,167.6,-9,-9,-9,73.7,223.5,370.8,134.6,307.3,401.3,167.6,137.3,102,190.5,182.9,134.6,-9,129.5,127,116.8,299.7,-9,-9,332.7,-9,-9,-9,-9,160,144.8,-9,-9,132.1,236.2,-9,-9,177.8,203.2,-9,457.2,-9,-9,188,-9,-9,-9,281.9,-9
2001,7,2001.5,-9,287,-9,195.6,-9,408.9,-9,119.4,134.6,-9,417.3,-9,160,-9,-9,467.4,142.2,210.8,289.6,154.9,-9,-9,350.5,322.6,-9,-9,116.8,309.9,-9,-9,-9,287,144.8,442,327.7,447,406.4,190.5,283.3,208,236.2,121.9,246.4,-9,233.7,119.4,264.2,309.9,-9,-9,228.6,-9,-9,-9,-9,231.1,198.1,-9,-9,261.6,513.1,-9,-9,144.8,342.9,-9,530.9,-9,-9,221,-9,-9,-9,358.1,-9
2001,8,2001.58,-9,436.9,-9,345.4,-9,416.5,-9,71.1,78.7,-9,318.6,-9,287,-9,-9,320,220.9,274.3,210.8,276.8,-9,-9,218.4,436.8,-9,-9,241.3,350.5,-9,-9,-9,205.7,68.6,436.8,137.1,271.7,436.8,281.9,403.7,211,236.2,200.6,269.2,-9,266.7,185.4,137.1,200.6,-9,-9,256.5,-9,-9,-9,-9,139.7,220.9,-9,-9,142.2,330.2,-9,-9,205.7,198.1,-9,309.8,-9,-9,287,-9,-9,-9,129.5,-9
2001,9,2001.67,-9,304.8,-9,205.7,-9,274.3,-9,266.7,236.2,-9,354.2,-9,248.9,-9,-9,279.4,172.7,360.7,228.6,170.2,-9,-9,365.8,315,-9,-9,185.4,320,-9,-9,-9,248.9,292.1,492.8,276.9,340.4,350.5,210.8,446.3,264,238.8,170.2,325.1,-9,383.5,241.3,292.1,238.8,-9,-9,213.4,-9,-9,-9,-9,274.3,248.9,-9,-9,266.7,281.9,-9,-9,236.2,342.9,-9,406.4,-9,-9,213.4,-9,-9,-9,447,-9
2001,10,2001.75,-9,322.6,-9,210.8,-9,375.9,-9,223.5,264.2,-9,320.5,-9,236.2,-9,-9,325.1,149.9,408.9,259.1,294.6,-9,-9,462.3,345.4,-9,-9,238.8,238.8,-9,-9,-9,327.7,165.1,228.6,261.6,241.3,231.1,144.8,376.7,283,193,279.4,464.8,-9,426.7,236.2,243.8,264.2,-9,-9,530.9,-9,-9,-9,-9,317.5,284.5,-9,-9,340.4,241.3,-9,-9,251.5,271.8,-9,332.7,-9,-9,165.1,-9,-9,-9,469.9,-9
2001,11,2001.83,-9,528.3,-9,386.1,-9,342.9,-9,241.3,236.2,-9,411.5,-9,464.8,-9,-9,309.9,246.4,406.4,213.4,228.6,-9,-9,398.8,327.7,-9,-9,315,416.6,-9,-9,-9,584.2,233.7,525.8,208.3,353.1,711.2,381,497.8,441,304.8,205.7,558.8,-9,530.9,439.4,246.4,373.4,-9,-9,353.1,-9,-9,-9,-9,353.1,541,-9,-9,332.7,294.6,-9,-9,266.7,388.6,-9,442,-9,-9,325.1,-9,-9,-9,431.8,-9
2001,12,2001.92,-9,617.2,-9,205.7,-9,208.3,-9,236.2,218.4,-9,540.1,-9,375.9,-9,-9,462.3,210.8,223.5,302.3,320,-9,-9,482.6,317.5,-9,-9,248.9,505.5,-9,-9,-9,569,203.2,1125.2,251.5,637.5,866.1,353.1,117.3,518,279.4,180.3,416.6,-9,388.6,231.1,279.4,327.7,-9,-9,246.4,-9,-9,-9,-9,243.8,381,-9,-9,259.1,480.1,-9,-9,231.1,368.3,-9,622.3,-9,-9,215.9,-9,-9,-9,370.8,-9
2002,1,2002,-9,132.1,-9,40.6,-9,17.8,-9,86.4,94,-9,101.6,-9,152.4,-9,-9,68.6,101.6,218.4,22.9,114.3,-9,-9,96.5,43.2,-9,-9,172.7,142.2,-9,-9,-9,238.8,58.4,274.3,15.2,104.1,228.6,76.2,195.3,157,27.9,88.9,188,-9,188,172.7,15.2,236.2,-9,-9,106.7,-9,416.6,-9,-9,2.5,167.6,-9,-9,7.6,55.9,-9,-9,218.4,55.9,-9,127,-9,-9,58.4,-9,-9,-9,45.7,-9
2002,2,2002.08,-9,15.2,-9,10.2,-9,2.5,-9,0,0,-9,56.8,-9,10.2,-9,-9,20.3,5.1,22.9,7.6,7.6,-9,-9,86.4,7.6,-9,-9,5.1,12.7,-9,-9,-9,17.8,0,129.5,7.6,71.1,149.9,0,20.3,8,2.5,15.2,20.3,-9,20.3,15.2,10.2,20.3,-9,-9,58.4,-9,185.4,-9,-9,12.7,15.2,-9,-9,15.2,27.9,-9,-9,5.1,25.4,-9,73.7,-9,-9,22.9,-9,-9,-9,30.5,-9
2002,3,2002.17,-9,142.2,-9,10.2,-9,38.1,-9,15.2,17.8,-9,171.1,-9,40.6,-9,-9,144.8,0,81.3,20.3,30.5,-9,-9,55.9,22.9,-9,-9,12.7,99.1,-9,-9,-9,50.8,45.7,469.9,25.4,119.4,513.1,45.7,73.7,33,50.8,35.6,94,-9,73.7,40.6,2.5,66,-9,-9,116.8,-9,335.3,-9,-9,40.6,38.1,-9,-9,25.4,142.2,-9,-9,27.9,66,-9,246.4,-9,-9,30.5,-9,-9,-9,63.5,-9
2002,4,2002.25,-9,215.9,-9,88.9,-9,109.2,-9,127,124.5,-9,390.5,-9,177.8,-9,-9,327.7,127,246.4,73.7,142.2,-9,-9,546.1,193,-9,172.7,221,132.1,-9,-9,-9,94,195.6,693.4,63.5,401.3,652.8,86.4,233.7,71.1,76.2,238.8,218.4,-9,233.7,215.9,83.8,210.8,-9,-9,294.6,-9,706.1,-9,-9,160,182.9,-9,-9,162.6,294.6,-9,-9,134.6,294.6,-9,510.5,-9,-9,73.7,-9,-9,-9,271.8,-9
2002,5,2002.33,-9,94,-9,99.1,-9,91.4,-9,96.5,94,-9,227.2,248.9,205.7,-9,-9,182.9,111.8,129.5,205.7,61,-9,-9,236.2,109.2,-9,269.2,83.8,94,-9,-9,-9,78.7,94,348,228.6,256.5,388.6,221,172.7,139.7,160,139.7,193,-9,172.7,182.9,154.9,188,-9,-9,203.2,-9,345.4,94,-9,180.3,129.5,-9,-9,180.3,190.5,-9,-9,188,167.6,-9,281.9,-9,-9,154.9,-9,-9,-9,246.4,-9
2002,6,2002.42,-9,226.1,-9,264.2,-9,383.5,-9,137.2,162.6,-9,266,210.8,307.3,-9,-9,236.2,205.7,172.7,309.9,221,-9,-9,340.4,264.2,-9,287,152.4,238.8,-9,-9,-9,193,116.8,315,205.7,205.7,320,276.9,140.9,248,215.9,157.5,142.2,-9,142.2,99.1,55.9,134.6,-9,-9,254,-9,297.2,221,-9,180.3,182.9,-9,-9,198.1,213.4,-9,-9,139.7,208.3,-9,190.5,-9,-9,373.4,-9,-9,-9,248.9,-9
2002,7,2002.5,-9,299.7,-9,177.8,-9,315,-9,198.1,238.8,-9,431.3,243.8,381,-9,-9,391.2,205.7,411.5,269.2,248.9,-9,-9,500.4,309.9,-9,276.9,167.6,477.5,-9,-9,-9,375.9,190.5,690.9,198.1,424.2,619.8,256.5,288.2,442,348,256.5,388.6,-9,383.5,251.5,228.6,198.1,-9,-9,375.9,-9,411.5,165.1,-9,274.3,246.4,-9,-9,317.5,452.1,-9,-9,210.8,246.4,-9,477.5,-9,-9,271.8,-9,-9,-9,317.5,-9
2002,8,2002.58,-9,523.2,-9,337.8,-9,398.7,-9,195.5,167.6,-9,386.3,231.1,378.4,-9,-9,307.3,398.7,327.6,340.3,292.1,-9,-9,254,535.9,-9,307.3,287,487.6,-9,-9,-9,561.3,152.4,584.2,342.9,312.4,408.9,368.3,546.5,305,292.1,254,401.3,-9,431.8,373.3,142.2,332.7,-9,-9,579.1,-9,287,251.4,-9,281.9,424.1,-9,-9,325.1,360.6,-9,-9,208.2,304.8,-9,335.2,-9,-9,309.8,-9,-9,-9,447,-9
2002,9,2002.67,-9,231.1,-9,238.8,-9,408.9,-9,132.1,101.6,-9,326.5,297.2,182.9,-9,-9,223.5,208.3,292.1,147.3,226.1,-9,-9,279.4,393.7,-9,485.1,195.6,383.5,-9,-9,-9,233.7,88.9,454.7,193,203.2,256.5,177.8,306.4,304.8,160,269.2,231.1,-9,279.4,111.8,101.6,152.4,-9,-9,345.4,-9,292.1,50.8,-9,162.6,149.9,-9,-9,177.8,190.5,-9,-9,180.3,383.5,-9,312.4,-9,-9,325.1,-9,-9,-9,485.1,-9
2002,10,2002.75,-9,459.7,-9,251.5,-9,274.3,-9,213.4,251.5,-9,346.4,170.2,129.5,-9,-9,337.8,317.5,269.2,248.9,241.3,-9,-9,383.5,317.5,-9,553.7,185.4,393.7,-9,-9,-9,345.4,292.1,548.6,309.9,416.6,342.9,251.5,389.1,355.6,213.4,264.2,231.1,-9,254,182.9,188,167.6,-9,-9,342.9,-9,254,-9,-9,200.7,170.2,-9,-9,160,274.3,-9,-9,147.3,279.4,-9,317.5,-9,-9,302.3,-9,-9,-9,317.5,-9
2002,11,2002.83,-9,589.3,-9,223.5,-9,274.3,-9,172.7,185.4,-9,514.2,477.5,317.5,-9,-9,482.6,434.3,637.5,259.1,383.5,-9,-9,541,281.9,-9,111.8,548.6,281.9,-9,-9,-9,345.4,203.2,911.9,294.6,599.4,909.3,391.2,622,328,238.8,447,525.8,-9,497.8,449.6,200.7,823,363.2,-9,403.9,-9,805.2,106.7,-9,213.4,434.3,-9,-9,215.9,373.4,-9,-9,624.8,284.5,-9,754.4,-9,-9,188,-9,-9,-9,243.8,-9
2002,12,2002.92,-9,58.4,-9,2.5,-9,0,-9,61,88.9,-9,88,127,53.3,-9,-9,61,45.7,81.3,27.9,66,-9,-9,127,12.7,-9,78.7,61,27.9,-9,-9,-9,61,17.8,160,20.3,101.6,236.2,30.5,101,38.1,55.9,20.3,45.7,-9,63.5,86.4,30.5,198.1,43.2,-9,66,-9,-9,48.3,-9,5.1,40.6,-9,-9,10.2,71.1,-9,-9,68.6,27.9,-9,121.9,-9,-9,7.6,-9,-9,-9,48.3,-9
2003,1,2003,-9,63.5,-9,2.5,-9,0,-9,0,0,-9,49.3,134.6,15.2,-9,-9,40.6,10.2,30.5,2.5,27.9,-9,-9,94,5.1,-9,68.6,30.5,45.7,-9,-9,-9,25.4,0,139.7,0,38.1,114.3,10.2,40.5,17.8,5.1,17.8,27.9,-9,25.4,25.4,0,33,45.7,-9,43.2,-9,88.9,20.3,-9,0,27.9,-9,-9,0,25.4,-9,-9,25.4,27.9,2.5,76.2,-9,-9,0,-9,-9,-9,27.9,-9
2003,2,2003.08,-9,20.3,-9,0,-9,0,-9,22.9,20.3,-9,48.3,132.1,12.7,-9,-9,33,20.3,43.2,12.7,20.3,-9,-9,71.1,7.6,-9,35.6,22.9,10.2,-9,-9,-9,2.5,12.7,119.4,12.7,45.7,114.3,63.5,12.7,6,27.9,10.2,12.7,-9,12.7,17.8,20.3,25.4,35.6,-9,33,-9,175.3,17.8,-9,10.2,7.6,-9,-9,5.1,40.6,-9,-9,10.2,17.8,10.2,86.4,-9,-9,7.6,-9,-9,-9,33,-9
2003,3,2003.17,-9,45.7,-9,2.5,-9,0,-9,7.6,10.2,-9,15.7,0,2.5,-9,-9,5.1,5.1,38.1,0,0,-9,-9,10.2,5.1,-9,226.1,27.9,20.3,-9,-9,-9,5.1,5.1,15.2,0,15.2,48.3,2.5,2.5,3,0,7.6,0,-9,2.5,2.5,0,33,10.2,-9,45.7,-9,0,20.3,-9,0,2.5,-9,-9,0,10.2,-9,-9,5.1,22.9,10.2,10.2,-9,-9,0,-9,-9,-9,35.6,-9
2003,4,2003.25,-9,185.4,-9,114.3,-9,81.3,-9,154.9,205.7,-9,199.4,-9,91.4,-9,-9,175.3,71.1,119.4,144.8,157.5,-9,-9,162.6,266.7,-9,248.9,94,167.6,-9,-9,-9,284.5,180.3,342.9,114.3,198.1,297.2,91.4,198.1,172.7,190.5,137.2,231.1,-9,198.1,104.1,73.7,109.2,152.4,-9,73.7,-9,-9,10.2,-9,63.5,144.8,-9,76.2,81.3,147.3,-9,-9,109.2,154.9,175.3,218.4,-9,-9,182.9,-9,-9,-9,172.7,-9
2003,5,2003.33,-9,487.7,-9,289.6,-9,304.8,-9,177.8,223.5,-9,329.1,-9,281.9,-9,-9,248.9,213.4,309.9,226.1,320,-9,-9,287,276.9,-9,436.9,167.6,373.4,-9,-9,-9,393.7,198.1,508,182.9,393.7,388.6,154.9,253.3,571.5,215.9,271.8,274.3,-9,236.2,248.9,154.9,360.7,304.8,-9,429.3,-9,-9,188,-9,180.3,264.2,-9,111.8,200.7,312.4,-9,-9,266.7,279.4,251.5,294.6,-9,-9,259.1,-9,-9,-9,403.9,-9
2003,6,2003.42,-9,335.3,-9,393.7,-9,348,-9,320,203.2,-9,354.3,-9,332.7,-9,-9,299.7,180.3,408.9,259.1,317.5,-9,-9,363.2,403.9,-9,134.6,388.6,342.9,-9,-9,-9,335.3,236.2,388.6,203.2,304.8,505.5,317.5,249.9,379,284.5,254,297.2,-9,236.2,170.2,198.1,368.3,-9,-9,299.7,-9,-9,-9,-9,274.3,248.9,-9,-9,287,317.5,-9,-9,251.5,353.1,221,274.3,-9,-9,373.4,-9,-9,-9,472.4,-9
2003,7,2003.5,-9,419.1,-9,271.8,-9,375.9,-9,215.9,188,-9,283,-9,241.3,-9,-9,271.8,152.4,309.9,264.2,261.6,-9,-9,241.3,299.7,-9,157.5,317.5,424.2,-9,-9,-9,261.6,213.4,307.3,223.5,266.7,259.1,279.4,330.8,272,266.7,215.9,241.3,-9,226.1,205.7,231.1,396.2,94,-9,294.6,-9,-9,53.3,-9,292.1,236.2,-9,-9,259.1,271.8,-9,-9,238.8,307.3,200.7,248.9,-9,-9,353.1,-9,-9,-9,345.4,-9
2003,8,2003.58,-9,315,-9,281.9,-9,546.1,-9,167.6,154.9,-9,492.5,-9,271.7,-9,-9,513,170.1,220.9,312.4,251.4,-9,-9,393.7,469.9,-9,281.9,276.8,426.7,-9,-9,-9,320,200.6,726.4,264.1,431.8,896.6,203.2,524.3,345,322.5,292.1,419.1,-9,421.6,106.6,284.4,223.5,203.2,-9,312.4,-9,73.7,134.6,-9,182.8,302.2,-9,88.9,172.7,447,-9,-9,233.6,322.5,251.4,525.7,-9,-9,281.9,-9,-9,-9,386,-9
2003,9,2003.67,-9,406.4,-9,327.7,-9,348,-9,182.9,180.3,-9,363.4,215.9,353.1,-9,-9,274.3,383.5,238.8,398.8,259.1,-9,-9,304.8,416.6,-9,543.6,152.4,426.7,210.8,-9,-9,307.3,165.1,396.2,360.7,259.1,477.5,350.5,393.8,249,403.9,195.6,355.6,-9,345.4,299.7,236.2,248.9,266.7,-9,299.7,-9,129.5,129.5,-9,215.9,624.8,-9,218.4,195.6,312.4,-9,-9,281.9,358.1,393.7,485.1,-9,-9,353.1,-9,-9,-9,335.3,-9
2003,10,2003.75,-9,482.6,-9,292.1,-9,472.4,-9,360.7,393.7,-9,382.1,612.1,281.9,-9,-9,414,429.3,459.7,396.2,243.8,-9,-9,340.4,457.2,-9,284.5,284.5,132.1,264.2,-9,-9,154.9,348,315,340.4,322.6,246.4,284.5,252.3,200,373.4,363.2,203.2,-9,160,261.6,294.6,317.5,256.5,-9,535.9,-9,88.9,190.5,-9,261.6,223.5,-9,-9,248.9,411.5,-9,-9,429.3,553.7,302.3,383.5,-9,-9,348,-9,-9,-9,365.8,-9
2003,11,2003.83,-9,721.4,-9,355.6,-9,355.6,-9,210.8,287,-9,490.2,294.6,345.4,-9,-9,497.8,370.8,429.3,436.9,348,-9,-9,495.3,365.8,-9,744.2,322.6,497.8,772.2,-9,-9,408.9,236.2,543.6,353.1,665.5,576.6,444.5,656.6,615,396.2,365.8,279.4,-9,304.8,406.4,281.9,378.5,421.6,-9,424.2,-9,-9,355.6,-9,360.7,485.1,-9,-9,398.8,467.4,-9,-9,398.8,520.7,416.6,508,-9,-9,391.2,-9,-9,-9,469.9,-9
2003,12,2003.92,-9,421.6,-9,309.9,-9,259.1,-9,198.1,205.7,-9,448.1,805.2,467.4,-9,-9,485.1,294.6,500.4,218.4,340.4,-9,-9,381,287,-9,137.2,233.7,421.6,-9,-9,-9,444.5,190.5,734.1,215.9,513.1,637.5,345.4,583,294,274.3,289.6,419.1,-9,447,330.2,167.6,459.7,495.3,-9,363.2,-9,-9,673.1,-9,200.7,541,-9,-9,195.6,416.6,-9,-9,355.6,459.7,350.5,660.4,-9,-9,269.2,-9,-9,-9,193,-9
2004,1,2004,-9,33,-9,7.6,-9,33,-9,5.1,7.6,-9,85.1,193,10.2,-9,-9,73.7,40.6,81.3,22.9,40.6,-9,-9,121.9,20.3,-9,48.3,2.5,27.9,251.5,-9,-9,45.7,0,144.8,50.8,83.8,213.4,25.4,39.6,34,38.1,50.8,55.9,-9,50.8,45.7,40.6,55.9,81.3,-9,91.4,-9,-9,121.9,-9,5.1,50.8,-9,7.6,12.7,55.9,-9,-9,50.8,94,17.8,114.3,-9,-9,5.1,-9,-9,-9,48.3,-9
2004,2,2004.08,-9,17.8,-9,0,-9,0,-9,0,0,-9,26.5,73.7,2.5,-9,-9,12.7,2.5,5.1,2.5,15.2,-9,-9,40.6,0,-9,91.4,0,0,160,-9,-9,2.5,0,81.3,0,30.5,78.7,2.5,74.1,1,0,7.6,2.5,-9,0,10.2,0,0,5.1,-9,10.2,-9,68.6,43.2,-9,0,12.7,-9,7.6,0,20.3,-9,-9,10.2,5.1,5.1,43.2,-9,-9,0,-9,-9,-9,0,-9
2004,3,2004.17,-9,71.1,-9,0,-9,0,-9,17.8,17.8,-9,86.8,175.3,43.2,5.1,-9,66,25.4,48.3,2.5,35.6,-9,-9,154.9,12.7,-9,205.7,20.3,66,281.9,-9,-9,10.2,20.3,170.2,0,91.4,248.9,2.5,38.8,11,0,35.6,43.2,-9,35.6,45.7,0,68.6,48.3,-9,50.8,-9,162.6,68.6,-9,55.9,78.7,-9,68.6,38.1,53.3,-9,-9,35.6,45.7,10.2,127,-9,-9,0,-9,-9,-9,61,-9
2004,4,2004.25,-9,294.6,-9,27.9,-9,104.1,-9,71.1,76.2,-9,233,177.8,121.9,12.7,-9,114.3,88.9,190.5,81.3,106.7,-9,-9,342.9,68.6,-9,396.2,104.1,152.4,281.9,-9,-9,121.9,53.3,546.1,81.3,251.5,515.6,96.5,154.8,147,83.8,137.2,134.6,-9,124.5,91.4,132.1,170.2,256.5,-9,175.3,-9,469.9,195.6,-9,111.8,160,-9,43.2,91.4,144.8,-9,-9,119.4,208.3,119.4,233.7,-9,-9,71.1,-9,-9,-9,147.3,-9
2004,5,2004.33,-9,581.7,-9,340.4,-9,454.7,-9,213.4,165.1,-9,534.5,365.8,442,-9,-9,513.1,469.9,378.5,299.7,383.5,-9,-9,591.8,327.7,-9,170.2,510.5,368.3,518.2,-9,-9,287,177.8,871.2,284.5,637.5,835.7,281.9,640.2,307,292.1,348,421.6,-9,403.9,292.1,218.4,444.5,337.8,-9,342.9,-9,370.8,576.6,-9,256.5,279.4,-9,279.4,274.3,467.4,-9,-9,505.5,459.7,307.3,622.3,-9,-9,243.8,-9,-9,-9,325.1,330.2
2004,6,2004.42,-9,419.1,-9,254,-9,477.5,-9,139.7,167.6,-9,338,200.7,299.7,358.1,-9,381,154.9,91.4,302.3,96.5,-9,-9,266.7,284.5,-9,119.4,134.6,355.6,599.4,-9,-9,289.6,170.2,398.8,218.4,403.9,350.5,251.5,307.5,370,312.4,172.7,368.3,-9,330.2,281.9,198.1,134.6,223.5,-9,254,-9,299.7,208.3,-9,223.5,274.3,-9,205.7,248.9,421.6,-9,-9,195.6,345.4,172.7,335.3,-9,-9,297.2,-9,-9,-9,218.4,101.6
2004,7,2004.5,-9,297.2,-9,132.1,-9,269.2,-9,248.9,221,-9,289.3,83.8,279.4,218.4,-9,221,177.8,111.8,162.6,248.9,-9,-9,271.8,353.1,-9,419.1,215.9,248.9,447,-9,-9,134.6,203.2,248.9,208.3,292.1,337.8,139.7,332.7,323,154.9,147.3,322.6,-9,312.4,259.1,188,243.8,243.8,-9,190.5,-9,182.9,188,-9,226.1,294.6,-9,132.1,218.4,238.8,-9,-9,193,363.2,246.4,325.1,-9,-9,170.2,-9,-9,-9,304.8,203.2
2004,8,2004.58,-9,657.9,-9,289.5,-9,401.3,-9,177.8,170.1,-9,385.3,322.5,406.4,327.6,-9,312.4,269.2,256.5,375.9,287,-9,-9,317.5,287,-9,360.7,256.5,414,378.4,-9,-9,518.1,185.4,591.8,363.2,279.4,485.1,284.4,346.7,648,340.3,223.5,426.7,-9,403.8,330.2,391.1,236.2,436.9,-9,276.8,-9,388.6,325.1,-9,271.7,347.9,-9,541,436.8,360.6,-9,-9,309.8,-9,335.2,541,-9,-9,302.2,-9,-9,-9,327.6,375.9
2004,9,2004.67,-9,548.6,-9,335.3,-9,350.5,-9,325.1,355.6,-9,327.7,233.7,269.2,342.9,-9,353.1,165.1,355.6,195.6,185.4,-9,-9,248.9,391.2,-9,414,121.9,411.5,294.6,-9,-9,388.6,353.1,398.8,200.7,309.9,327.7,221,146.1,434,287,241.3,236.2,-9,226.1,215.9,160,180.3,447,-9,139.7,-9,307.3,304.8,-9,302.3,251.5,-9,340.4,297.2,289.6,-9,-9,165.1,-9,233.7,386.1,-9,-9,299.7,-9,-9,-9,315,157.5
2004,10,2004.75,-9,487.7,-9,414,-9,312.4,-9,292.1,408.9,-9,462.3,297.2,312.4,518.2,-9,541,304.8,315,254,378.5,-9,-9,449.6,388.6,-9,302.3,248.9,342.9,228.6,-9,-9,370.8,340.4,256.5,223.5,452.1,480.1,332.7,374,357,294.6,236.2,421.6,-9,553.7,495.3,287,381,353.1,-9,424.2,-9,449.6,584.2,-9,299.7,571.5,-9,332.7,294.6,602,-9,-9,264.2,-9,637.5,535.9,-9,-9,309.9,-9,-9,-9,429.3,477.5
2004,11,2004.83,-9,655.3,-9,294.6,-9,414,-9,223.5,221,-9,800.5,330.2,320,312.4,-9,886.5,368.3,287,276.9,436.9,-9,-9,995.7,596.9,-9,177.8,360.7,350.5,1082,-9,-9,480.1,200.7,1003.3,299.7,924.6,1069.3,350.5,375.9,419,238.8,213.4,434.3,-9,497.8,381,254,165.1,269.2,-9,350.5,-9,584.2,426.7,-9,172.7,439.4,-9,518.2,210.8,922,-9,-9,264.2,708.7,652.8,1008.3,-9,-9,363.2,-9,-9,-9,424.2,203.2
2004,12,2004.92,-9,180.3,-9,61,-9,124.5,-9,68.6,83.8,-9,278.6,223.5,193,83.8,-9,332.7,124.5,109.2,45.7,86.4,-9,-9,342.9,152.4,-9,337.8,132.1,154.9,528.3,-9,-9,264.2,50.8,535.9,53.3,284.5,530.9,78.7,373.4,151.5,66,71.1,342.9,-9,373.4,284.5,223.5,101.6,5.1,-9,83.8,-9,337.8,193,-9,27.9,226.1,-9,342.9,27.9,279.4,-9,-9,121.9,144.8,127,386.1,-9,-9,73.7,-9,-9,-9,101.6,76.2
2005,1,2005,-9,248.9,-9,15.2,-9,25.4,-9,45.7,53.3,-9,247,345.4,116.8,205.7,-9,231.1,76.2,157.5,35.6,88.9,-9,-9,444.5,66,-9,63.5,180.3,114.3,355.6,-9,-9,76.2,58.4,502.9,38.1,289.6,566.4,78.7,137.4,106.5,20.3,137.2,121.9,-9,121.9,88.9,7.6,180.3,248.9,-9,177.8,-9,436.9,302.3,-9,15.2,134.6,-9,591.8,10.2,154.9,-9,-9,116.8,5.1,162.6,401.3,-9,-9,17.8,-9,-9,-9,114.3,119.4
2005,2,2005.08,-9,61,-9,0,-9,0,-9,0,0,-9,78.3,81.3,45.7,25.4,-9,55.9,22.9,50.8,2.5,20.3,-9,-9,119.4,10.2,-9,129.5,22.9,25.4,198.1,-9,-9,30.5,0,165.1,0,81.3,188,2.5,37.2,42.9,0,38.1,35.6,-9,33,10.2,0,38.1,61,-9,61,-9,172.7,55.9,-9,0,53.3,-9,147.3,0,50.8,-9,-9,17.8,0,114.3,111.8,-9,-9,2.5,-9,-9,-9,43.2,5.1
2005,3,2005.17,-9,63.5,-9,86.4,-9,30.5,-9,22.9,27.9,-9,70.9,96.5,38.1,119.4,-9,40.6,66,154.9,38.1,78.7,-9,-9,116.8,48.3,-9,139.7,53.3,45.7,208.3,-9,-9,35.6,27.9,111.8,83.8,71.1,147.3,86.4,60.1,33.1,38.1,61,68.6,-9,53.3,43.2,73.7,35.6,45.7,-9,71.1,-9,114.3,94,-9,104.1,58.4,-9,99.1,104.1,73.7,-9,-9,25.4,45.7,15.2,68.6,-9,-9,61,-9,-9,-9,81.3,81.3
2005,4,2005.25,-9,348,-9,66,-9,58.4,-9,99.1,66,-9,241.7,215.9,144.8,91.4,-9,299.7,121.9,124.5,55.9,142.2,-9,-9,322.6,106.7,-9,254,172.7,396.2,190.5,-9,-9,271.8,104.1,513.1,66,177.8,502.9,154.9,323.4,331,61,55.9,274.3,-9,287,251.5,55.9,61,182.9,-9,119.4,-9,210.8,264.2,-9,66,221,-9,698.5,81.3,241.3,-9,-9,213.4,10.2,63.5,431.8,-9,-9,134.6,-9,-9,-9,172.7,96.5
2005,5,2005.33,-9,342.9,-9,269.2,-9,238.8,-9,213.4,198.1,-9,289.6,142.2,218.4,259.1,-9,175.3,259.1,312.4,309.9,236.2,-9,-9,363.2,320,-9,345.4,411.5,342.9,276.9,-9,-9,309.9,223.5,444.5,302.3,160,360.7,226.1,360.6,216.2,312.4,302.3,256.5,-9,320,195.6,269.2,228.6,421.6,-9,353.1,-9,208.3,256.5,-9,269.2,236.2,-9,231.1,289.6,182.9,-9,-9,259.1,188,467.4,269.2,307.3,-9,292.1,-9,-9,-9,304.8,259.1
2005,6,2005.42,-9,200.7,-9,172.7,-9,210.8,-9,284.5,312.4,-9,220.1,248.9,205.7,226.1,-9,261.6,137.2,198.1,160,193,-9,-9,139.7,167.6,-9,154.9,208.3,297.2,228.6,-9,-9,213.4,264.2,287,121.9,190.5,139.7,139.7,177.4,248,121.9,335.3,144.8,-9,157.5,137.2,157.5,142.2,315,-9,193,-9,274.3,236.2,-9,226.1,175.3,-9,368.3,188,160,-9,-9,147.3,203.2,342.9,299.7,261.6,-9,233.7,-9,-9,-9,238.8,188
2005,7,2005.5,-9,226.1,-9,264.2,-9,271.8,-9,238.8,213.4,-9,337.2,342.9,132.1,264.2,-9,322.6,160,264.2,213.4,231.1,-9,-9,444.5,299.7,-9,279.4,360.7,167.6,602,-9,-9,175.3,160,373.4,144.8,307.3,370.8,259.1,274.7,179.9,175.3,175.3,246.4,-9,243.8,137.2,134.6,205.7,307.3,-9,236.2,-9,492.8,266.7,-9,205.7,172.7,-9,269.2,233.7,246.4,-9,-9,274.3,462.3,337.8,350.5,370.8,-9,276.9,-9,-9,-9,259.1,152.4
2005,8,2005.58,-9,254,-9,309.8,-9,609.6,-9,177.8,104.1,-9,414.8,441.9,297.1,248.9,-9,477.5,215.9,215.9,274.3,231.1,-9,-9,279.4,426.7,-9,317.5,195.5,210.8,421.6,-9,-9,414,132,533.4,284.4,401.3,528.3,254,526.5,546.5,187.9,226,414,-9,467.3,393.7,238.7,388.6,332.7,-9,228.6,-9,264.1,261.6,-9,337.8,391.1,-9,307.3,289.5,381,-9,-9,383.5,264.1,337.8,381,0,-9,309.8,-9,-9,-9,358.1,231.1
2005,9,2005.67,-9,416.6,-9,416.6,-9,426.7,-9,383.5,406.4,-9,434.3,0,289.6,243.8,-9,576.6,332.7,350.5,307.3,480.1,-9,-9,335.3,401.3,-9,297.2,411.5,307.3,368.3,-9,-9,383.5,429.3,403.9,312.4,439.4,525.8,294.6,446.4,449.3,315,325.1,365.8,-9,396.2,266.7,274.3,312.4,264.2,-9,289.6,-9,358.1,584.2,-9,325.1,393.7,-9,360.7,332.7,607.1,-9,-9,358.1,487.7,287,315,266.7,-9,340.4,-9,-9,-9,406.4,289.6
2005,10,2005.75,-9,309.9,-9,121.9,-9,284.5,-9,73.7,66,-9,228,505.5,109.2,353.1,-9,134.6,198.1,281.9,152.4,322.6,-9,-9,292.1,177.8,-9,325.1,327.7,208.3,424.2,-9,-9,203.2,91.4,360.7,236.2,185.4,213.4,76.2,200.3,237.9,182.9,246.4,142.2,-9,177.8,218.4,182.9,246.4,99.1,-9,299.7,-9,256.5,396.2,-9,213.4,188,-9,287,162.6,129.5,-9,-9,312.4,157.5,114.3,218.4,416.6,-9,147.3,-9,-9,-9,467.4,276.9
2005,11,2005.83,-9,696,-9,307.3,-9,251.5,-9,137.2,76.2,-9,349.3,241.3,447,215.9,-9,309.9,269.2,236.2,251.5,312.4,-9,-9,431.8,198.1,-9,188,233.7,731.5,764.5,-9,-9,591.8,132.1,464.8,104.1,391.2,591.8,345.4,689.7,669.3,246.4,121.9,436.9,-9,612.1,398.8,142.2,327.7,0,-9,190.5,-9,292.1,269.2,-9,226.1,551.2,-9,398.8,88.9,256.5,-9,-9,350.5,254,246.4,403.9,226.1,-9,348,-9,-9,-9,391.2,193
2005,12,2005.92,-9,124.5,-9,58.4,-9,30.5,-9,137.2,61,-9,125.1,226.1,243.8,152.4,-9,96.5,10.2,200.7,167.6,116.8,-9,-9,205.7,76.2,-9,120.5,66,160,307.3,-9,-9,182.9,142.2,218.4,106.7,144.8,289.6,142.2,243.2,158.1,43.2,61,198.1,-9,215.9,167.6,78.7,195.6,50.8,-9,152.4,-9,304.8,165.1,-9,109.2,170.2,-9,264.2,114.3,71.1,-9,-9,167.6,86.4,48.3,147.3,88.9,-9,78.7,-9,-9,-9,86.4,94
2006,1,2006,-9,50.8,-9,10.2,-9,0,-9,68.6,17.8,-9,101.4,170.2,27.9,66,-9,61,40.6,76.2,15.2,35.6,-9,-9,157.5,7.6,-9,90.2,177.8,81.3,442,-9,111,76.2,66,246.4,0,119.4,350.5,27.9,57.2,106.4,10.2,50.8,68.6,-9,50.8,43.2,43.2,109.2,0,-9,73.7,-9,271.8,121.9,-9,40.6,114.3,-9,398.8,35.6,63.5,-9,-9,38.1,0,22.9,142.2,121.9,-9,17.8,-9,-9,-9,45.7,27.9
2006,2,2006.08,-9,38.1,-9,20.3,-9,2.5,-9,2.5,2.5,-9,66.7,137.2,40.6,58.4,-9,2.5,15.2,0,12.7,45.7,-9,-9,149.9,15.2,-9,165.6,45.7,25.4,27.9,-9,5,0,2.5,2.5,5.1,76.2,231.1,5.1,51.5,40.6,12.7,45.7,50.8,-9,45.7,20.3,2.5,61,57.9,-9,66,-9,157.5,76.2,-9,7.6,61,-9,193,7.6,53.3,-9,-9,33,0,96.5,96.5,45.7,-9,10.2,-9,-9,-9,73.7,12.7
2006,3,2006.17,-9,114.3,-9,61,-9,114.3,-9,71.1,22.9,-9,207.9,195.6,99.1,-9,-9,30.5,50.8,96.5,91.4,45.7,-9,-9,475,86.4,-9,275.4,68.6,78.7,281.9,-9,104,71.1,53.3,335.3,25.4,210.8,518.2,78.7,123.1,59.9,81.3,81.3,121.9,-9,109.2,116.8,45.7,88.9,103.5,-9,88.9,-9,259.1,152.4,-9,114.3,132.1,-9,317.5,106.7,139.7,-9,-9,58.4,157.5,73.7,208.3,66,-9,55.9,-9,-9,-9,144.8,25.4
2006,4,2006.25,-9,109.2,-9,81.3,-9,259.1,-9,149.9,27.9,-9,274.5,264.2,43.2,190.5,-9,276.9,15.2,142.2,106.7,50.8,-9,-9,375.9,355.6,-9,209.6,66,119.4,541,-9,121,152.4,86.4,327.7,2.5,259.1,398.8,139.7,100.2,181.5,73.7,185.4,83.8,-9,88.9,68.6,121.9,208.3,186.6,-9,228.6,-9,373.4,292.1,-9,109.2,83.8,-9,256.5,104.1,254,-9,-9,91.4,121.9,116.8,360.7,170.2,-9,104.1,-9,-9,-9,188,114.3
2006,5,2006.33,-9,365.8,-9,284.5,-9,345.4,-9,256.5,50.8,-9,390.1,149.9,477.5,233.7,-9,309.9,373.4,299.7,43.2,317.5,-9,-9,515.6,144.8,-9,143.5,188,368.3,543.6,-9,338,375.9,325.1,673.1,35.6,373.4,762,320,297.6,510,289.6,350.5,287,-9,264.2,274.3,266.7,431.8,303.4,-9,226.1,-9,266.7,337.8,-9,213.4,365.8,-9,223.5,236.2,332.7,-9,-9,294.6,190.5,238.8,439.4,157.5,-9,365.8,-9,-9,-9,355.6,139.7
2006,6,2006.42,-9,342.9,-9,302.3,-9,355.6,-9,208.3,137.2,-9,359.2,170.2,101.6,210.8,-9,360.7,106.7,188,266.7,63.5,-9,-9,482.6,429.3,-9,244.3,71.1,228.6,309.9,-9,241,96.5,137.2,411.5,246.4,243.8,429.3,302.3,91.6,124.3,322.6,144.8,86.4,-9,81.3,76.2,223.5,66,136.6,-9,193,-9,271.8,348,-9,63.5,144.8,-9,269.2,327.7,307.3,-9,-9,101.6,99.1,304.8,416.6,137.2,-9,297.2,-9,-9,-9,469.9,157.5
2006,7,2006.5,-9,449.6,-9,348,-9,403.9,-9,337.8,294.6,-9,489.8,213.4,378.5,363.2,-9,487.7,398.8,386.1,238.8,309.9,-9,-9,495.3,401.3,-9,196.4,350.5,281.9,457.2,-9,317,401.3,243.8,665.5,233.7,462.3,637.5,182.9,630.2,442.6,271.8,337.8,528.3,-9,513.1,215.9,182.9,281.9,353.8,-9,360.7,-9,373.4,485.1,-9,337.8,431.8,-9,188,327.7,350.5,-9,-9,203.2,337.8,381,701,94,-9,436.9,-9,-9,-9,553.7,261.6
2006,8,2006.58,-9,393.7,-9,236.2,-9,342.9,-9,259,266.7,-9,395.8,220.9,264.1,429.2,-9,335.2,297.1,396.2,307.3,337.8,-9,-9,462.2,335.2,-9,227.4,347.9,294.6,388.6,-9,181,215.9,264.1,523.2,345.4,403.8,701,182.8,146.3,285.5,223.5,434.3,223.5,-9,236.2,322.5,251.4,241.3,354.3,-9,403.8,-9,383.5,365.7,-9,215.9,281.9,-9,320,274.3,350.5,-9,-9,218.4,180.3,406.4,467.3,111.8,-9,312.4,-9,-9,-9,241.3,434.3
2006,9,2006.67,-9,393.7,-9,228.6,-9,541,-9,127,106.7,-9,267.5,144.8,162.6,200.7,-9,243.8,208.3,185.4,226.1,243.8,-9,-9,254,221,-9,146.1,256.5,375.9,287,-9,180,223.5,121.9,337.8,203.2,147.3,340.4,289.6,307.8,466.9,160,337.8,294.6,-9,271.8,223.5,200.7,157.5,235.2,-9,279.4,-9,259.1,284.5,-9,134.6,287,-9,213.4,175.3,243.8,-9,-9,139.7,167.6,139.7,251.5,226.1,-9,233.7,-9,-9,-9,322.6,256.5
2006,10,2006.75,-9,342.9,-9,469.9,-9,551.2,-9,195.6,223.5,-9,437.1,213.4,327.7,238.8,-9,416.6,223.5,304.8,223.5,213.4,-9,-9,309.9,541,-9,942,243.8,284.5,284.5,-9,295,281.9,246.4,472.4,246.4,304.8,340.4,307.3,132.9,396.1,180.3,149.9,348,-9,350.5,424.2,182.9,162.6,133.6,-9,198.1,-9,177.8,337.8,-9,236.2,355.6,-9,353.1,205.7,525.8,-9,-9,205.7,304.8,469.9,401.3,261.6,-9,381,-9,-9,-9,607.1,279.4
2006,11,2006.83,-9,812.8,-9,408.9,-9,406.4,-9,154.9,241.3,-9,633.5,645.2,515.6,749.3,-9,662.9,373.4,553.7,355.6,383.5,-9,-9,696,520.7,-9,156,378.5,764.5,1033.7,-9,225,701,228.6,825.5,414,835.7,795,368.3,546.6,895,381,500.4,591.8,-9,485.1,297.2,317.5,475,614.6,-9,624.8,-9,1305.5,1214.1,-9,312.4,525.8,-9,764.5,342.9,749.3,-9,-9,391.2,325.1,574,693.4,233.7,-9,406.4,-9,-9,-9,518.2,406.4
2006,12,2006.92,-9,165.1,-9,132.1,-9,175.3,-9,210.8,233.7,-9,189.4,185.4,215.9,162.6,-9,124.5,185.4,147.3,137.2,139.7,-9,-9,264.2,61,-9,-9,154.9,195.6,147.3,-9,212,289.6,228.6,426.7,33,228.6,335.3,58.4,406.4,390.2,149.9,116.8,411.5,-9,360.7,261.6,81.3,142.2,260,-9,304.8,-9,332.7,162.6,-9,188,297.2,-9,330.2,149.9,132.1,-9,-9,147.3,66,114.3,241.3,116.8,-9,81.3,-9,-9,-9,104.1,106.7
2007,1,2007,-9,10.2,-9,0,4,0,-9,2.5,12.7,-9,57.8,94,0,35.6,-9,45.7,2.5,12.7,10.2,5.1,-9,-9,160,2.5,-9,-9,7.6,2.5,-9,-9,6,10.2,12.7,177.8,0,83.8,20.3,0,11.4,11.4,7.6,5.1,7.6,-9,10.2,5.1,0,7.6,32.5,-9,17.8,-9,228.6,55.9,-9,2.5,0,-9,188,0,30.5,-9,-9,7.6,17.8,2.5,111.8,0,-9,0,-9,-9,-9,40.6,0
2007,2,2007.08,-9,30.5,-9,2.5,1,0,-9,0,0,-9,34.9,38.1,10.2,25.4,-9,33,0,0,2.5,5.1,-9,-9,50.8,7.6,-9,-9,20.3,10.2,86.4,-9,0,15.2,0,45.7,0,38.1,81.3,0,22.9,13.7,2.5,7.6,22.9,-9,20.3,12.7,0,30.5,20,-9,17.8,-9,71.1,66,-9,0,30.5,-9,99.1,0,30.5,-9,-9,30.5,20.3,15.2,61,15,-9,2.5,-9,-9,-9,35.6,0
2007,3,2007.17,-9,76.2,-9,10.2,1,0,-9,10.2,7.6,-9,58.2,119.4,73.7,35.6,-9,91.4,38.1,40.6,2.5,10.2,-9,-9,61,2.5,-9,-9,40.6,38.1,114.3,-9,0,40.6,0,147.3,2.5,30.5,129.5,5.1,63,41.9,5.1,25.4,66,-9,55.9,53.3,0,35.6,35,-9,30.5,-9,182.9,99.1,-9,2.5,121.9,-9,132.1,5.1,43.2,-9,-9,30.5,15.2,5.1,137.2,0,-9,10.2,-9,-9,-9,35.6,10.2
2007,4,2007.25,81,425,-9,159,68,127,-9,116,122,-9,327.5,225,259,160,-9,375,216,189,222,201,-9,-9,280,260,-9,-9,97,357,52,-9,103,204,95,605,61,376,698,246,162.2,,264,200,154,-9,144,280,120,182,223,-9,243,-9,245,351,-9,80,226,-9,206,72,270,-9,-9,163,118,166,400,233,-9,139,-9,-9,-9,255,262
2007,5,2007.33,414,721,-9,281,326,442,-9,332,424,-9,412.1,460,639,279,-9,390,504,591,418,442,-9,-9,364,420,-9,-9,287,375,-9,-9,236,319,239,467,393,347,451,382,363.9,113.9,368,455,348,-9,323,515,352,478,469,-9,474,-9,329,509,-9,294,491,-9,538,269,378,-9,-9,534,385,366,467,283,262,423,-9,-9,-9,468,499
2007,6,2007.42,270,254,-9,280,134,274,-9,141,126,-9,377.7,257,275,149,-9,440,219,228,202,334,-9,-9,319,286,-9,-9,200,315,-9,-9,192,228,146,553,285,329,472,288,235.5,324.9,258,193,211,-9,209,240,270,179,-9,-9,333,-9,-9,-9,-9,239,273,-9,-9,249,424,-9,-9,183,315,291,455,364,284,273,-9,-9,-9,374,312
2007,7,2007.5,280,343,-9,418,129,478,-9,108,150,-9,473.9,112,165,329,-9,709,381,299,272,147,-9,-9,126,520,-9,-9,124,351,86,-9,126,493,141,519,192,491,572,370,227.6,336.3,191,325,220,-9,202,72,192,166,-9,-9,235,-9,-9,157,-9,162,245,-9,203,201,554,-9,-9,106,417,341,452,295,248,348,-9,-9,-9,508,278
2007,8,2007.58,251,358,-9,298,238,377,-9,243,232,-9,336.5,-9,270,308,-9,401,284,410,204,412,-9,-9,371,274,-9,-9,388,281,74,-9,233,402,239,382,188,212,308,323,323.3,283.5,221,272,324,-9,287,290,246,178,-9,-9,240,-9,-9,311,-9,413,255,-9,267,312,321,-9,-9,153,297,329,282,266,424,303,-9,-9,-9,484,223
2007,9,2007.67,198,250,-9,222,138,310,-9,132,144,-9,273.8,126,330,373,-9,257,359,283,438,259,-9,-9,213,357,-9,-9,251,427,32,-9,172,288,211,230,377,198,270,374,353.8,309.1,316,266,319,-9,314,168,234,330,-9,-9,370,-9,-9,-9,-9,134,294,-9,376,227,291,-9,-9,330,324,325,182,370,262,243,-9,-9,-9,329,256
2007,10,2007.75,279,441,-9,250,153,380,-9,226,259,-9,343.1,396,402,371,-9,248,352,362,287,403,-9,-9,259,414,-9,-9,381,389,75,-9,281,678,292,290,232,265,280,218,349.8,574.6,178,278,363,-9,396,458,309,422,-9,-9,441,-9,-9,389,-9,295,330,-9,352,262,298,-9,-9,325,530,454,224,481,375,264,-9,320,-9,475,578
2007,11,2007.83,302,364,-9,191,125,217,-9,296,223,-9,602.5,308,501,334,-9,302,385,420,256,420,-9,-9,897,432,-9,-9,371,419,167,-9,288,842,337,901,236,908,459,356,969.4,780.6,217,199,698,-9,879,572,168,483,-9,-9,411,-9,-9,519,-9,240,531,-9,352,204,702,-9,-9,518,626,449,899,396,312,256,-9,253,-9,438,264
2007,12,2007.92,209,681,-9,214,149,193,-9,176,196,-9,614.1,355,151,247,-9,732,140,222,175,166,-9,-9,734,251,-9,-9,248,315,818,-9,268,303,269,990,154,778,843,218,264.4,365.3,133,260,191,-9,180,156,133,166,-9,-9,278,-9,-9,236,-9,192,227,-9,500,175,746,-9,-9,95,485,236,986,257,185,203,-9,263,-9,395,149
2008,1,2008,2,25,-9,4,8,1,-9,5,35,-9,80.3,108,46,35,-9,89,9,112,17,36,-9,-9,121,13,-9,-9,58,12,176,-9,2,13,18,163,11,76,217,6,33,5.3,16,38,155,-9,31,155,7,175,-9,-9,29,-9,-9,75,-9,0,100,-9,222,1,69,-9,-9,137,35,16,121,56,16,9,-9,9,-9,42,12
2008,2,2008.08,112,40,-9,46,58,37,-9,0,44,39,106.5,155,51,62,-9,57,10,62,22,18,-9,-9,106,38,-9,-9,12,29,246,-9,17,38,62,211,62,95,357,27,63.2,33.7,28,22,62,-9,97,62,74,50,-9,-9,39,-9,-9,63,-9,24,33,-9,217,30,53,-9,-9,49,27,21,155,36,8,63,-9,18,-9,121,14
2008,3,2008.17,1,21,-9,7,1,1,-9,4,8,2,23.6,119,5,18,-9,20,3,14,16,5,-9,-9,32,2,-9,-9,18,11,134,-9,24,8,37,30,13,33,61,42,40.3,1.8,8,10,32,-9,25,32,2,15,-9,-9,4,-9,-9,24,-9,5,21,-9,186,3,24,-9,-9,17,5,4,51,16,28,19,-9,1,-9,20,0
2008,4,2008.25,49,69,-9,22,23,3,-9,13,8,55,130.8,135,36,38,-9,203,53,19,81,34,-9,-9,145,29,-9,-9,5,44,100,-9,8,138,9,265,80,181,196,51,99.4,145.5,70,12,110,-9,69,110,38,24,-9,-9,40,-9,-9,-9,-9,13,39,-9,191,5,184,-9,-9,41,26,66,228,37,68,45,-9,43,-9,43,7
2008,5,2008.33,265,212,-9,186,186,352,-9,100,113,122,336,230,127,-9,-9,279,157,176,144,195,-9,-9,449,295,-9,-9,159,158,24,-9,167,366,148,252,180,423,592,140,548.7,283.6,138,176,185,-9,325,185,180,111,-9,247,107,-9,-9,-9,-9,168,276,-9,-9,234,138,176,131,211,352,289,172,151,123,178,107,187,-9,439,214
2008,6,2008.42,267,346,-9,306,193,271,-9,200,294,268,338.2,205,162,113,-9,385,206,199,183,175,424,-9,358,319,-9,-9,143,122,-9,-9,402,393,325,410,276,296,307,241,309.7,266.8,132,183,89,-9,303,89,268,129,-9,205,400,-9,-9,-9,-9,315,461,-9,265,310,347,239,212,136,366,222,389,280,186,268,247,382,-9,388,231
2008,7,2008.5,461,368,-9,598,65,613,-9,77,117,361,510.6,322,317,551,-9,471,410,370,301,357,298,-9,510,495,-9,-9,267,306,49,-9,235,382,141,487,305,515,534,435,415.6,352.1,346,248,164,-9,407,164,183,234,-9,225,443,-9,-9,-9,-9,369,382,-9,416,367,446,286,343,315,226,572,548,252,371,553,376,516,-9,710,283
2008,8,2008.58,310,412,-9,238,243,273,-9,335,325,162,388,346,213,315,-9,343,135,341,189,318,315,-9,364,216,-9,-9,270,346,155,-9,363,320,388,476,261,572,596,243,333.1,332,129,308,144,-9,270,144,212,199,-9,179,419,-9,-9,-9,-9,260,387,-9,429,287,335,228,180,154,385,298,392,200,164,235,252,308,-9,406,272
2008,9,2008.67,190,184,-9,162,158,194,-9,117,87,74,222.5,191,114,234,-9,159,118,198,88,110,140,-9,249,243,-9,-9,208,153,199,-9,164,123,112,275,80,82,334,120,156.3,158.3,73,259,139,-9,75,139,94,233,-9,80,402,-9,-9,-9,-9,164,133,-9,210,186,172,117,88,152,262,131,210,149,91,163,153,143,-9,359,163
2008,10,2008.75,196,262,-9,233,165,359,-9,228,212,234,277.1,120,128,167,-9,218,241,291,213,326,175,-9,239,214,-9,-9,219,263,462,-9,251,332,239,323,200,196,370,132,309.7,258.7,134,215,167,-9,226,167,145,178,-9,173,246,-9,-9,-9,-9,219,177,-9,191,229,189,68,210,258,320,365,228,175,169,190,233,359,-9,304,221
2008,11,2008.83,555,935,-9,373,242,645,-9,512,543,578,585.2,750,564,448,-9,556,440,573,463,472,453,-9,560,629,-9,-9,482,797,1409,-9,518,885,480,618,417,544,689,355,845.7,780.8,455,262,691,-9,746,691,296,538,-9,623,439,-9,-9,238,-9,593,646,-9,992,588,498,653,569,408,583,384,657,520,457,428,547,473,-9,659,463
2008,12,2008.92,49,151,-9,49,16,60,-9,58,49,101,215.6,184,66,128,-9,220,82,156,46,88,27,-9,320,58,-9,-9,56,117,472,-9,30,189,66,398,34,223,458,65,133.5,179.2,43,39,84,-9,132,84,24,121,-9,127,148,-9,-9,172,-9,45,119,-9,239,42,144,63,56,70,169,43,352,116,104,43,44,65,-9,142,51
2009,1,2009,20,90,-9,8,17,26,-9,14,15,32,173.6,349,40,107,-9,156,32,75,38,43,38,-9,338,39,-9,-9,112,52,517,-9,27,77,14,315,16,187,408,29,71,16.9,29,34,75,-9,90,75,12,71,-9,57,120,-9,-9,178,-9,5,60,-9,561,3,117,45,36,72,110,35,226,32,63,10,7,16,-9,126,30
2009,2,2009.08,16,102,-9,14,23,7,-9,6,6,8,190.9,300,33,128,-9,225,9,59,10,34,2,-9,345,39,-9,-9,46,51,276,-9,3,25,5,318,13,221,472,25,47,46.1,13,38,43,-9,44,43,5,36,-9,55,89,-9,-9,249,-9,7,78,-9,353,5,197,52,14,25,125,55,253,9,14,28,2,29,-9,34,5
2009,3,2009.17,6,80,-9,7,16,10,-9,14,17,13,128.7,250,32,121,-9,106,11,88,50,40,7,-9,212,18,-9,-9,43,27,252,-9,15,19,11,257,38,148,349,44,48.1,29.1,37,47,44,-9,48,44,5,51,-9,42,134,-9,-9,186,-9,17,61,-9,354,5,73,59,11,27,77,17,198,0,19,14,5,11,-9,79,17
2009,4,2009.25,8,133,-9,6,6,13,-9,93,82,23,227.6,142,48,71,-9,269,34,76,13,25,31,-9,235,48,-9,-9,39,34,786,-9,74,168,88,297,8,369,523,27,163,166.8,22,27,111,-9,128,111,14,86,-9,92,151,-9,-9,169,-9,11,63,-9,257,10,398,70,18,78,103,78,337,22,56,9,7,33,-9,61,37
2009,5,2009.33,268,434,-9,216,159,256,-9,266,247,154,356.4,206,136,185,-9,151,152,210,227,108,244,-9,486,404,-9,-9,190,393,431,-9,299,91,281,567,240,235,663,173,205.5,211.2,241,266,57,227,135,57,149,175,-9,103,381,-9,-9,342,-9,206,122,-9,261,224,242,92,155,122,338,233,293,195,99,198,184,184,227,409,105
2009,6,2009.42,261,369,-9,264,245,370,-9,308,353,276,401.5,244,335,-9,-9,298,260,236,269,216,191,-9,504,455,-9,-9,347,289,337,-9,237,234,263,510,206,535,492,367,272.6,334.5,369,274,82,250,188,82,213,196,-9,165,292,-9,-9,389,-9,265,280,-9,458,289,269,211,370,73,329,182,482,142,208,270,248,315,250,392,146
2009,7,2009.5,126,381,-9,328,258,412,-9,292,225,267,337.2,262,278,-9,-9,193,246,321,219,132,229,-9,256,337,-9,-9,196,362,433,-9,245,376,239,439,214,287,541,241,278.3,359.9,214,180,128,245,266,128,158,198,-9,226,288,-9,-9,218,-9,258,309,-9,184,266,252,230,229,170,222,314,378,76,194,317,271,213,245,415,313
2009,8,2009.58,171,518,347,545,129,511,-9,277,280,430,451,301,539,-9,-9,422,459,398,349,283,229,-9,420,336,-9,-9,231,480,461,-9,257,466,247,734,422,462,532,346,370.9,411.9,379,169,266,298,344,266,200,176,-9,385,279,-9,-9,219,-9,263,453,-9,167,292,486,448,474,208,243,266,616,127,315,416,264,296,298,385,203
2009,9,2009.67,91,184,100,156,85,275,-9,176,133,135,281.8,250,97,-9,-9,285,144,176,199,119,141,-9,283,277,-9,-9,155,146,336,-9,221,386,151,307,214,247,370,117,268.3,245,148,178,186,179,144,186,190,135,-9,161,209,-9,-9,243,-9,276,71,-9,54,288,274,77,103,160,199,242,308,149,167,128,300,225,179,314,176
2009,10,2009.75,203,459,305,267,209,278,-9,272,316,192,371.3,280,312,-9,-9,444,390,343,378,440,175,-9,437,278,-9,-9,387,465,451,-9,278,312,266,439,326,359,355,304,294.9,271.3,405,322,306,308,190,306,304,381,-9,240,346,-9,-9,353,-9,416,198,-9,325,479,481,254,290,265,279,257,438,416,342,324,304,237,308,410,412
2009,11,2009.83,288,799,449,335,333,396,-9,268,292,252,762.8,569,448,-9,-9,812,500,496,284,408,293,-9,779,455,-9,-9,350,646,845,-9,262,501,250,1178,228,969,1169,358,742,546.6,381,375,446,619,553,446,234,674,-9,539,248,-9,-9,821,-9,317,418,-9,511,306,858,394,450,532,321,574,1117,380,475,366,290,378,619,526,403
2009,12,2009.92,27,66,117,7,6,91,-9,57,93,64,110.9,119,95,-9,-9,107,46,69,50,86,73,-9,85,66,-9,-9,37,48,464,-9,38,96,87,188,55,215,181,38,80.2,98.2,37,90,89,77,118,89,57,131,-9,60,66,-9,-9,80,-9,119,60,-9,206,121,136,68,68,99,16,51,143,31,62,37,92,30,77,52,79
2010,1,2010,9,38,42,9,5,159,-9,49,36,17,-9,97,17,-9,72,55,14,26,6,16,18,-9,105,15,72,-9,42,23,131,-9,6,25,19,92,11,47,142,1,31.9,22.1,4,28,26,10,22,21,19,17,-9,22,42,72,30,65,-9,27,35,-9,185,23,43,24,18,18,18,18,87,19,19,4,38,13,10,48,9
2010,2,2010.08,9,123,-9,11,9,29,-9,23,10,46,-9,116,57,-9,147,131,19,43,9,35,65,-9,174,24,147,-9,30,68,78,-9,20,10,29,232,10,87,298,48,18,13.2,20,38,19,60,16,32,14,32,-9,26,79,147,34,48,-9,57,45,-9,129,44,126,63,57,20,89,58,227,48,24,9,15,15,60,113,12
2010,3,2010.17,8,78,8,26,8,9,-9,60,54,38,-9,173,69,-9,134,117,88,112,8,73,63,-9,238,16,134,-9,50,53,324,-9,170,46,46,286,15,104,389,33,54.1,35,3,60,69,21,48,41,11,74,-9,48,94,134,90,150,-9,32,31,-9,237,41,83,48,40,59,55,21,209,58,8,15,30,5,21,76,27
2010,4,2010.25,183,89,122,77,176,117,-9,247,119,223,-9,176,142,-9,169,164,123,188,90,215,277,-9,189,245,169,-9,71,88,195,-9,294,100,307,317,164,176,339,125,85.6,66.8,128,205,57,138,76,150,210,137,-9,59,56,169,236,270,-9,245,245,-9,229,293,204,138,149,60,173,210,322,101,165,91,229,184,138,179,98
2010,5,2010.33,189,275,121,159,196,262,-9,268,305,292,-9,211,156,-9,243,329,229,170,93,201,209,-9,267,177,243,-9,111,219,449,-9,221,82,257,353,176,364,233,122,123.9,135.7,176,133,134,346,110,164,209,138,-9,143,278,243,218,294,-9,269,114,-9,591,236,184,125,182,170,274,173,461,147,180,121,223,152,346,421,149
2010,6,2010.42,392,176,298,289,333,449,-9,360,255,252,-9,405,343,-9,351,370,237,432,236,273,355,-9,422,234,351,-9,202,353,157,-9,384,522,363,583,311,447,502,253,375.2,371.3,302,119,367,262,333,390,325,370,-9,308,247,351,286,429,-9,331,503,-9,369,341,411,365,252,363,253,391,565,363,254,240,262,294,262,395,224
2010,7,2010.5,472,330,400,208,293,367,-9,344,231,317,-9,-9,422,-9,302,343,257,330,264,236,372,-9,288,428,302,-9,228,323,251,-9,326,224,312,421,521,245,354,217,187,294.4,287,150,125,336,166,214,467,163,-9,228,344,302,386,413,-9,354,415,-9,409,410,322,323,377,245,486,331,261,358,407,274,382,311,336,530,239
2010,8,2010.58,336,461,351,349,342,449,-9,347,367,388,-9,-9,438,-9,639,680,453,440,240,434,274,-9,425,536,639,-9,387,466,398,-9,299,345,329,433,174,472,380,264,397.7,337.1,306,405,399,369,353,288,153,278,-9,445,281,639,-9,463,-9,234,404,-9,538,196,489,465,394,465,348,462,454,378,310,318,242,301,369,442,299
2010,9,2010.67,141,253,146,143,138,166,-9,142,115,180,-9,-9,257,-9,190,129,221,261,160,344,156,115,207,162,190,-9,214,309,111,200,219,169,184,348,165,208,185,177,210.2,60.6,211,242,137,221,121,94,172,169,-9,128,251,190,-9,195,-9,193,224,-9,263,232,151,262,166,312,128,195,280,365,275,137,200,76,221,151,331
2010,10,2010.75,476,632,372,407,105,562,-9,271,256,329,-9,-9,400,-9,377,483,216,218,432,169,266,295,261,466,377,-9,278,537,542,336,361,680,326,396,356,562,277,332,709.6,605.1,389,373,621,447,600,578,296,310,-9,507,248,377,-9,293,-9,221,534,-9,341,237,391,335,327,277,417,408,387,214,381,438,214,291,447,131,227
2010,11,2010.83,480,1012,586,481,203,514,-9,202,204,548,-9,-9,627,-9,650,656,345,513,304,361,295,582,444,497,650,-9,468,745,1190,267,232,726,256,565,279,691,567,432,615.4,727.1,348,412,606,837,609,612,325,470,-9,644,530,650,-9,712,-9,368,739,-9,688,364,784,550,566,484,576,640,645,-9,291,494,366,362,837,304,325
2010,12,2010.92,536,1655,1083,687,354,623,-9,345,362,868,-9,-9,1050,-9,1858,1472,768,913,557,983,408,-9,1629,891,1858,-9,857,1251,1345,383,372,1129,335,1838,519,1613,2798,696,1075,1193.3,530,677,1105,1244,-9,1252,333,950,-9,961,705,1670,-9,724,-9,391,1191,-9,988,-9,1409,1101,767,868,-9,1006,1867,-9,609,-9,-9,745,1244,-9,617
2011,1,2011,82,204,120,76,66,51,-9,77,118,126,-9,254,107,-9,196,254,105,77,103,109,118,388,311,61,196,-9,57,166,358,167,129,283,111,411,60,241,464,74,205.4,390.5,73,86,176,134,127,278,88,75,-9,97,101,-9,-9,166,-9,154,176,-9,398,117,227,115,100,86,158,144,362,-9,89,63,63,92,134,110,59
2011,2,2011.08,44,86,102,3,10,8,-9,60,60,50,-9,152,33,-9,73,21,42,7,12,33,45,274,105,9,73,-9,87,82,224,58,41,27,75,227,6,91,230,21,114.2,19.8,15,46,93,18,51,124,2,98,-9,72,68,-9,-9,150,-9,56,43,-9,308,19,92,22,46,94,27,50,162,-9,33,16,53,15,18,18,29
2011,3,2011.17,36,36,36,19,55,14,-9,45,57,19,-9,347,41,-9,75,122,29,69,32,6,20,238,123,14,75,-9,56,28,253,23,18,42,18,228,9,136,181,40,68.4,29.9,22,77,76,31,56,36,12,41,-9,61,101,-9,-9,145,-9,9,46,-9,283,19,115,29,42,61,42,64,182,-9,41,52,16,14,31,18,37
2011,4,2011.25,41,96,126,52,83,92,-9,103,81,94,-9,-9,52.3,-9,209,170,113,170,67,67,213,383,209,120,209,-9,93,66,-9,193,127,95,123,433,64,163,435,84,154.1,111.9,77,214,106,118,103,100,54,129,-9,74,206,-9,-9,137,-9,173,94,-9,320,121,169,66,74,67,153,-9,248,-9,62,77,208,70,118,131,144
2011,5,2011.33,281,241,244,214,234,247,-9,296,367,292,-9,-9,253,-9,214,382,298,235,243,139,418,539,303,174,214,-9,293,209,-9,261,357,212,333,318,304,297,310,183,326.9,222.4,241,257,206,192,208,210,306,267,-9,274,263,-9,266,315,-9,402,215,-9,-9,422,176,428,240,288,211,-9,340,-9,275,284,421,203,192,150,129
2011,6,2011.42,413,319,236,278,108,388,-9,118,146,267,-9,-9,323,-9,544,531,221,-9,239,245,110,400,422,441,544,-9,236,250,-9,103,128,369,91,504,289,388,365,229,436.3,296.7,283,213,271,-9,278,286,190,368,-9,248,184,-9,214,369,-9,151,300,-9,-9,197,500,286,263,380,557,-9,450,-9,302,293,157,284,-9,499,179
2011,7,2011.5,299,407,501,344,464,363,-9,297,242,345,-9,-9,308,-9,440,405,228,303,298,-9,369,387,346,336,440,-9,393,464,-9,349,303,420,316,689,351,257,414,417,490.2,385.9,244,303,381,285,302,344,285,212,-9,405,288,-9,202,261,-9,344,584,-9,-9,294,320,356,424,422,255,-9,343,-9,231,493,245,317,285,357,263
2011,8,2011.58,258,250,184,305,96,297,-9,194,208,187,-9,-9,189,-9,323,203,257,295,295,175,193,201,185,337,323,-9,227,249,-9,140,227,327,174,178,282,-9,152,155,281.5,253.8,205,236,188,182,118,154,225,137,-9,139,206,-9,-9,327,-9,188,215,-9,-9,191,241,592,137,129,405,-9,235,-9,260,360,174,247,182,-9,256
2011,9,2011.67,325,288,259,285,235,407,-9,175,289,246,-9,-9,211,-9,305,334,183,346,379,192,124,191,172,410,305,-9,183,170,-9,136,189,335,233,320,428,-9,291,336,221,371.9,286,294,109,266,133,95,189,254,-9,161,290,-9,-9,392,-9,197,187,-9,-9,205,296,-9,146,226,176,-9,333,-9,267,317,143,305,266,-9,283
2011,10,2011.75,356,595,375,531,191,446,-9,294,274,285,-9,-9,329,-9,405,424,194,290,207,296,285,457,402,392,405,-9,365,348,-9,277,332,295,329,506,235,420,438,305,298.4,330.8,145,252,323,356,256,131,315,167,-9,223,415,-9,-9,415,-9,326,269,-9,-9,348,198,416,352,217,333,-9,543,-9,234,420,397,368,356,330,224
2011,11,2011.83,630,1127,828,633,298,595,-9,274,287,647,-9,-9,693,-9,795,612,540,438,643,460,371,766,740,606,795,-9,511,1120,-9,385,371,873,327,721,608,697,671,700,973.4,964.1,762,343,767,680,695,701,481,476,-9,641,336,-9,-9,600,-9,516,764,-9,-9,555,528,688,431,634,733,585,611,-9,522,658,529,513,680,455,437
2011,12,2011.92,303,714,446,377,177,427,-9,154,188,410,-9,-9,497,-9,518,455,374,405,330,310,253,752,569,318,518,-9,507,591,-9,246,254,452,183,574,302,435,740,595,627.5,441.8,408,132,523,479,505,450,216,400,-9,628,389,-9,-9,577,-9,241,328,-9,-9,236,412,669,282,594,345,419,465,-9,306,319,229,394,479,-9,277
2012,1,2012,4,19,5,1,1,0,-9,0,0,1,-9,-9,9,-9,65,47,1,24,8,9,5,242,101,9,65,-9,18,7,-9,4,2,19,0,154,1,58,219,13,21.8,19.8,17,38,28,10,17,14,0,13,-9,26,53,65,97,126,31,0,25,-9,-9,2,46,14,1,8,28,22,85,-9,34,0,1,8,10,-9,5
2012,2,2012.08,2,25,15,0,10,0,-9,2,8,2,-9,-9,2,-9,22,17,2,10,0,1,0,101,50,2,22,-9,8,25,-9,-9,1,17,1,66,0,15,95,2,21.8,3.5,3,5,26,3,18,6,0,13,-9,21,15,22,26,42,9,0,8,-9,-9,0,9,4,6,4,8,2,42,-9,3,0,0,1,3,-9,2
2012,3,2012.17,5,80,51,7,6,1,-9,15,19,8,-9,-9,14,-9,119,131,8,86,6,27,23,574,278,9,119,-9,43,49,-9,15,11,60,15,290,2,46,494,31,131.9,71.1,5,41,76,54,54,89,4,88,-9,76,68,119,99,170,99,4,54,-9,-9,7,104,34,24,80,98,19,222,-9,21,6,10,6,54,-9,3
2012,4,2012.25,280,244,170,139,53,287,-9,79,43,147,-9,-9,142,-9,334,272,128,114,145,195,192,424,242,270,334,-9,173,156,-9,202,122,183,103,91,201,78,475,150,227.6,114.7,163,295,-9,253,130,92,273,219,-9,87,429,334,205,178,248,260,100,-9,-9,232,183,96,104,203,262,112,288,-9,160,217,254,273,253,-9,294
2012,5,2012.33,359,352,310,300,122,369,-9,180,162,305,-9,-9,253,-9,356,272,219,443,175,243,207,329,272,259,356,-9,308,255,-9,201,217,348,179,457,178,198,505,401,339.6,236,207,182,259,192,241,300,202,-9,-9,330,339,356,155,207,198,213,297,-9,-9,258,227,230,191,523,199,163,449,-9,211,343,231,271,192,-9,232
2012,6,2012.42,226,366,226,244,199,361,-9,106,196,374,-9,-9,274,-9,276,213,197,154,186,155,244,212,148,221,276,-9,193,208,-9,241,217,226,216,297,246,162,220,161,284.2,282.2,222,122,309,254,293,119,269,178,-9,200,202,276,266,150,162,287,294,-9,-9,293,194,273,250,145,156,325,202,-9,248,191,274,315,254,-9,130
2012,7,2012.5,146,309,469,244,126,386,-9,225,283,380,-9,-9,349,-9,428,390,315,341,272,162,348,288,291,495,428,-9,215,341,-9,351,330,400,288,313,273,310,352,402,355.5,370,317,158,332,236,312,198,240,405,-9,222,245,428,261,443,266,302,339,-9,-9,296,368,270,311,196,276,353,405,-9,336,274,272,443,236,330,254
2012,8,2012.58,273,467,389,156,54,509,-9,142,134,244,-9,-9,159,-9,422,458,228,257,147,176,-9,-9,335,509,422,-9,183,-9,-9,147,187,250,125,269,133,374,330,448,209.5,58.6,215,367,143,447,139,99,126,247,-9,145,420,422,330,445,362,178,201,-9,-9,181,448,-9,199,132,357,347,399,-9,199,353,168,515,447,-9,238
2012,9,2012.67,243,315,0,114,92,293,-9,273,213,138,-9,-9,150,-9,226,264,157,244,168,106,-9,326,228,400,226,-9,235,-9,-9,314,334,440,266,382,196,292,335,196,368.3,445.8,161,215,381,229,359,61,230,258,-9,259,404,226,318,383,382,306,228,-9,-9,290,315,179,110,175,383,315,303,-9,142,238,265,304,229,-9,173
2012,10,2012.75,348,459,231,267,274,227,-9,382,375,247,-9,-9,268,-9,270,263,376,263,338,354,-9,424,359,413,270,-9,317,223,-9,285,306,334,312,583,295,242,430,242,370.5,397.8,265,253,271,268,223,250,245,375,-9,301,487,270,395,454,368,310,333,-9,-9,273,313,333,286,241,371,229,352,-9,358,256,331,257,268,-9,399
2012,11,2012.83,282,758,519,262,226,332,-9,363,380,614,-9,-9,771,-9,861,713,572,876,246,732,-9,1437,1012,365,861,-9,827,679,-9,336,341,1448,322,1273,277,629,1461,228,1506.3,899.4,324,705,-9,495,1241,994,247,1033,-9,963,683,861,645,980,541,352,1019,-9,-9,387,580,908,610,1143,-9,439,959,-9,338,272,361,316,495,-9,398
2012,12,2012.92,116,580,352,122,202,147,-9,257,220,282,-9,-9,399,-9,390,436,247,326,160,231,-9,435,561,157,390,-9,319,532,-9,145,203,514,226,632,183,428,736,118,542.2,427.4,201,385,505,286,554,414,158,-9,-9,436,196,390,334,-9,271,139,433,-9,-9,147,356,395,329,428,163,204,542,-9,155,175,179,196,286,-9,160
2013,1,2013,0,15,5,0,0,0,-9,0,1,0,-9,-9,12,-9,25,23,0,9,0,8,-9,100,42,4,25,-9,0,11,-9,-9,0,10,0,58,5,24,115,0,10.7,7.9,1,1,5,3,5,4,0,12,-9,4,6,25,29,38,8,0,4,-9,-9,0,18,4,2,2,7,2,37,-9,1,0,0,0,3,-9,0
2013,2,2013.08,2,39,34,3,0,2,-9,5,0,42,-9,-9,47,-9,32,39,40,43,6,42,-9,71,64,1,32,-9,32,42,-9,-9,16,22,0,131,8,40,127,-9,49.4,32.2,11,19,43,15,28,48,1,51,-9,57,59,32,90,110,24,0,76,-9,-9,0,36,62,-9,31,25,13,67,-9,26,6,1,5,15,-9,36
2013,3,2013.17,4,58,59,4,0,-9,-9,1,2,38,-9,-9,39,-9,212,120,34,124,6,28,-9,-9,289,29,212,-9,89,93,-9,1,0,36,0,410,4,99,555,50,41.5,56.1,11,75,47,36,46,66,3,77,-9,73,148,212,132,173,92,2,67,-9,-9,1,80,51,39,48,91,15,234,-9,16,5,1,8,36,-9,19
2013,4,2013.25,106,18,142,38,18,53,-9,21,53,98,-9,-9,67,-9,143,69,6,68,99,122,-9,173,227,62,143,-9,94,146,-9,34,112,77,13,291,114,95,251,83,99.7,14.7,58,82,137,19,146,86,93,84,-9,57,75,143,84,75,100,68,51,-9,-9,108,74,82,86,170,84,30,143,-9,50,24,81,102,19,-9,91
2013,5,2013.33,434,150,357,233,151,315,-9,224,205,209,-9,-9,190,-9,424,379,231,350,234,268,-9,512,443,310,424,-9,360,347,-9,366,301,455,253,444,216,353,480,259,586.7,311.4,198,288,395,275,413,315,238,538,-9,275,404,424,309,346,339,259,329,-9,-9,275,431,227,212,400,338,99,499,-9,181,248,262,260,275,-9,250
2013,6,2013.42,232,231,289,-9,140,298,-9,175,174,175,-9,-9,174,-9,270,294,-9,177,172,160,-9,315,293,241,270,-9,-9,262,-9,116,188,284,190,541,204,236,323,274,341.9,317.2,198,128,255,226,257,197,165,204,-9,149,194,270,267,181,282,160,288,-9,-9,165,255,158,180,200,281,208,502,-9,128,239,215,250,226,-9,268
2013,7,2013.5,275,483,272,228,123,278,-9,132,121,262,-9,-9,370,-9,393,498,301,312,234,230,-9,580,495,335,393,-9,234,370,-9,100,117,266,99,464,208,485,652,294,408.9,362.5,209,212,288,278,289,257,205,227,-9,349,205,393,-9,-9,354,182,255,-9,-9,202,467,351,345,214,345,353,510,-9,187,328,190,284,278,326,167
2013,8,2013.58,339,484,280,-9,226,370,-9,277,246,234,-9,-9,275,-9,352,271,264,312,259,381,-9,518,577,421,352,-9,390,416,-9,143,-9,423,181,521,233,279,537,238,420.1,550.6,237,281,337,270,302,255,210,347,-9,257,272,352,-9,-9,361,274,274,-9,-9,283,294,291,327,299,375,259,370,-9,316,250,176,253,270,322,386
2013,9,2013.67,287,239,241,269,402,376,-9,312,253,223,-9,-9,207,-9,346,300,342,-9,440,430,-9,304,309,316,346,-9,205,238,-9,274,300,-9,279,319,416,164,235,208,211.9,206.1,342,152,181,141,185,212,327,237,-9,253,376,346,-9,-9,244,298,194,-9,-9,328,240,228,209,265,255,247,278,-9,370,278,321,327,141,313,288
2013,10,2013.75,388,436,283,420,312,424,-9,287,289,222,-9,-9,226,-9,329,341,275,261,460,305,-9,-9,251,330,329,-9,315,312,-9,265,255,529,273,-9,417,329,297,335,290.1,333.2,390,244,290,271,283,225,376,208,-9,248,356,329,-9,-9,368,424,187,-9,-9,453,324,196,164,156,372,-9,343,-9,420,428,428,311,271,345,285
2013,11,2013.83,146,348,231,129,185,134,-9,200,219,138,-9,-9,158,-9,370,295,171,156,119,39,-9,-9,328,132,370,-9,110,228,-9,244,218,217,230,491,181,372,461,197,206.3,214.5,99,203,141,254,139,88,221,161,-9,107,334,370,-9,-9,-9,124,153,-9,-9,131,345,164,93,85,240,159,347,-9,140,121,177,-9,254,287,259
2013,12,2013.92,127,202,152,98,101,89,-9,193,161,184,-9,-9,135,-9,231,147,72,134,154,-9,-9,188,259,61,231,-9,158,119,-9,278,208,205,182,313,117,246,427,117,302.6,213.7,141,191,269,195,264,157,165,128,-9,206,253,231,-9,-9,-9,150,99,-9,-9,162,149,184,-9,129,130,101,225,-9,137,94,142,194,195,106,147
2014,1,2014,18,55,19,27,0,11,-9,59,19,7,-9,-9,19,-9,99,68,6,42,10,9,-9,8,152,7,98,-9,16,25,-9,25,29,52,32,-9,8,73,216,14,53,32.5,7,25,24,35,49,24,1,29,-9,18,63,-9,-9,-9,-9,54,16,26,-9,38,42,11,7,13,-9,61,82,-9,17,12,44,9,35,29,14
2014,2,2014.08,0,31,1,0,18,1,-9,9,28,10,-9,-9,9,-9,22,23,2,14,0,12,-9,5,47,1,22,-9,4,18,-9,2,1,31,6,-9,0,38,85,5,28.7,14.2,1,9,39,8,38,26,5,5,-9,24,11,-9,-9,-9,-9,0,18,1,-9,0,15,7,5,11,9,3,37,-9,21,0,2,2,8,27,2
2014,3,2014.17,34,51,48,12,0,0,-9,4,1,35,-9,-9,18,-9,27,25,47,27,29,19,-9,99,36,4,27,-9,24,29,-9,7,0,26,0,73,13,22,122,13,45.4,48.2,25,24,17,2,17,36,25,34,-9,19,26,-9,-9,-9,-9,3,18,9,-9,6,18,18,38,25,8,1,57,-9,36,18,16,9,2,30,14
2014,4,2014.25,44,170,86,21,24,22,-9,9,9,35,-9,-9,38,-9,202,114,79,120,47,127,-9,418,252,33,202,-9,161,159,-9,23,10,88,7,358,28,292,492,56,141.6,103.1,36,196,127,176,119,168,28,132,-9,111,164,-9,-9,-9,-9,49,77,30,-9,44,151,56,47,136,99,15,189,-9,135,33,49,32,176,142,81
2014,5,2014.33,248,427,308,239,272,188,-9,531,392,303,-9,-9,159,-9,561,452,167,293,357,187,-9,839,676,191,561,-9,274,440,-9,390,309,494,395,830,306,480,910,315,431.1,396.6,291,265,406,319,515,242,307,261,-9,283,298,-9,-9,-9,-9,307,290,352,-9,339,331,220,364,153,378,-9,477,-9,324,216,296,216,319,273,183
2014,6,2014.42,356,296,213,245,159,374,-9,193,155,252,-9,-9,256,-9,131,169,209,283,273,171,-9,573,273,188,131,-9,208,216,-9,222,-9,439,167,545,189,330,601,299,457.1,610.3,334,159,332,142,361,223,261,319,-9,242,259,-9,-9,-9,-9,283,308,175,-9,324,152,248,238,240,135,95,327,-9,227,248,331,274,142,213,242
2014,7,2014.5,124,87,149,112,52,191,-9,267,160,154,-9,-9,156,-9,196,210,69,-9,117,109,-9,278,167,-9,196,-9,58,93,-9,268,-9,108,189,333,82,180,323,109,150.9,100.8,159,69,152,95,140,93,147,174,-9,116,96,-9,-9,-9,-9,-9,150,211,-9,120,161,141,147,-9,38,84,264,-9,119,110,161,215,95,106,65
2014,8,2014.58,152,318,265,227.8,66,168,-9,139,125,209,-9,-9,286.8,-9,244,344,202.3,197,255,186,-9,474,334,208,244,-9,149,290,-9,177,-9,323,134,364,230.6,336,505,247,414,395.7,198,218.6,404,162.6,416,174,210,215,-9,135,346,-9,-9,-9,-9,195,340,203,-9,208,302,288,223,191.6,302,225,468,-9,201,150,186,251,162.7,320,186
2014,9,2014.67,368,286,213,278,258,384,-9,195,246,222,-9,-9,154,-9,472,357,333,258,285,187,-9,400,490,359,472,-9,109,208,-9,205,235,295,173,359,351,252,368,257,182.9,277.7,242,263,242,-9,198,45,232,291,-9,53,406,-9,-9,-9,-9,201,164,224,-9,219,319,221,173,-9,436,-9,275,-9,342,305,250,279,-9,529,329
2014,10,2014.75,241,458,293,126,230,209,-9,139,167,145,-9,-9,264,-9,340.5,331,293,349.5,315,359,-9,332,395,222,340.5,-9,257,348,-9,228,-9,477,172,533,273,280,358,210,428.5,488.8,184,384,273,411,238,83,240,286,-9,191,324,-9,-9,-9,-9,258,237,241,-9,265,219,211.5,167,521,330.9,155,325,-9,244,216,294,288,411,314,168
2014,11,2014.83,253,528,500,281,168,103,-9,253,214.5,367,-9,-9,338,-9,314,282,255,299,248,304,-9,300,450,345,314,-9,216,726,-9,288,-9,359,218,406,269,239,348,301,520.1,439.1,243,-9,290,400,326,176,195,-9,-9,201,326,-9,-9,-9,-9,268,356,269,-9,267,284.5,305,363,418,277.9,312,270,-9,301,266,238,374,400,214,311
2014,12,2014.92,262,568,216,243,150,76,-9,235,209,186,-9,-9,286,-9,243,257,160,263,181,195,-9,467,290,183,243,-9,-9,368,-9,177,-9,281,274,599,189,253,520,196,312.8,358.2,176,163,226,324,235,129,-9,258.5,-9,217,298,-9,-9,-9,-9,161,352,166,-9,183,198,314,242,229,178,199,367,-9,183,256,166,149,324,161,104
2015,1,2015,5,17,16,5,59,8,-9,27,49,5,-9,-9,36,-9,72,57,7,71,5,54,-9,292,163,34.5,72,-9,77,20,-9,16,-9,44,26,123,6,84,235,32,59.4,37,8,74,35,16,39,26,0,50,-9,38,131,-9,-9,-9,-9,3,34,19,-9,7,46,32,27.5,36,70.5,17,83,-9,14,7,6,15,16,58,21
2015,2,2015.08,0,105,15.7,5,0,3,-9,2,0,36,-9,-9,36,-9,108,94,9,43,14,29,-9,214,128,21,108,-9,20,41,-9,0,0,66,0,171,10,138,172,10,35.6,10.7,4,25,31,71,28,17,7,-9,-9,19,51,-9,-9,-9,-9,0,41,0,-9,5,65,42,,19,39,-9,158,-9,12,3,4,8,71,43,9
2015,3,2015.17,11,24,17.7,7,13,17.5,-9,0,0,21,-9,-9,12,-9,81,66,7,10,5,3,-9,263,128,35,81,-9,-9,25,-9,0,-9,37,0,252,0,97,248,23,16.8,6.1,15,3,19,22,20,14,5,-9,-9,16,10,-9,-9,-9,-9,4,8,0,-9,0,70,14,8,3,,-9,128,-9,35,14,2,24,22,67,1
2015,4,2015.25,80,99,59.9,30,23,67,-9,40,34,31,-9,-9,58,-9,100,141,56,207,115,76,-9,303,214,12,100,-9,121,41,-9,57,-9,180,21,259,101,121,342,61,61.7,47.5,40,93,62,-9,57,48,83,-9,-9,79,116,-9,-9,-9,-9,69,40,66,-9,92,140,33,64,33,33,24,149,-9,59,19,134,9,97,40,52
2015,5,2015.33,155,138,131.9,83,107,133,-9,172,133,169,-9,-9,204,-9,129,186,189,216,148,112,-9,574,233,88,129,-9,190,107,-9,142,150,341,203,798,108,328,571,96,386.3,160,130,180,234,-9,196,157,110,194,-9,128,221,-9,-9,-9,-9,134,-9,136,-9,168,177,191,226,82,143,102.5,344,-9,261,63,146,70,97,112,198
2015,6,2015.42,144,112,142.2,246,109,145,-9,198,141,78,-9,-9,102,-9,237,190,61,123,181,213,-9,338,368,266,237,-9,103,95,-9,98,118,171,114,231,175,163,309,221,134.1,93.7,242,148,119,-9,-9,127,131,98,-9,149,203,-9,-9,-9,-9,110,135,114,-9,135,184,141,93,233,235.5,185.5,160,-9,115,243,101,225,198,242,226
2015,7,2015.5,134,134,145.9,142,47,160,-9,167,126,85,-9,-9,87.5,-9,315,253,71.5,158,96,57,-9,432.5,312,166,315,-9,141,111,-9,156,133,301,108,362,103,268,527,137,155.5,220,106,100,127,-9,138,183,117,107,-9,91,128,-9,-9,-9,-9,136,117,134,-9,152,205,94.5,79,86,230.5,187,362,-9,67,114,138.5,142,151,202,97
2015,8,2015.58,190,175,120.5,207,84,284,-9,269,170,182,-9,-9,169,-9,223,265,207,174,122,239,-9,569,339,242,223,-9,187,160,-9,260,237,321,176,420,139,191,593,107,333,479.3,147,121,262,-9,302,334,141,271,-9,258,122,-9,-9,-9,-9,213,237,233,-9,185,152,198,220,264,189,143,272,-9,160,151,193.5,196,132,173,119
2015,9,2015.67,574,293,258.3,365,178,307,-9,225,168,228,-9,-9,278,-9,388,390,207,257,344,245,-9,546.5,443,275.5,388,-9,238,371,-9,377,233,540,179,396,361,432,482,245,465.1,650.5,290,205,402,-9,380,239,408,188,-9,222,214,-9,-9,-9,-9,328,339,-9,-9,359,392,176,260,272,241,-9,393,-9,182,373,326,202,234.5,273,316
2015,10,2015.75,351,270,272,211,191,453,-9,266,283,338,-9,-9,379,-9,374,374,-9,287,195,248,-9,400,408,371,374,-9,229,257,-9,33,292,562,276,435,255,178,313.6,266,268.7,493.5,137,255,298,-9,236,132,237.5,130,-9,213,337,-9,-9,-9,-9,256,406,231,-9,268.5,235,316,329,271,357,181,204,-9,257,320,262.5,426,207,171,234
2015,11,2015.83,240,341,208.7,206,203,199,-9,244,168,271,-9,-9,154.5,-9,441,-9,141,297,320,228,-9,793,597,241,441,-9,226,188,-9,99,244,402,175,629,367,508,668,237,229.6,408.7,188,332,293,-9,-9,207,256,206,-9,203,396,-9,-9,-9,-9,183,265,210,-9,197,421,149,222,183,270,247,540,-9,155,356,213,123,310,282,192
2015,12,2015.92,28,236,96.8,41,27,6,-9,75,98,64,-9,-9,93,-9,52,-9,3,42,24,77,-9,138,54,13,52,-9,32,220,-9,38,59,136,94,187,67,74,135,87,47.8,98.8,24,21,63,-9,-9,95,46,48,-9,85,33,-9,-9,-9,-9,22,69,33,-9,-9,40,125,83,72,25,28,95,-9,24,74,19,8,43,27,19
2016,1,2016,0,38,6.6,0,10,1,-9,19,11,15,-9,-9,16,-9,29,-9,13,44,5,13,-9,144,61,6,29,-9,48,18,-9,0,0,29,0,104,0,48,129,-9,58.9,31,2,27,17,-9,12,20,0,52,-9,22,27,-9,-9,-9,-9,0,36,-9,-9,0,26,32,5,18,19,5,56,-9,9,2,-9,2,4,33,5
2016,2,2016.08,1,63,21,3,0,1,-9,1,0,6,-9,-9,23,-9,67,1,8,25,2,10,-9,220,123,13,67,-9,8,44,-9,0,0,21,0,119,1,67,166,10,53.2,18,4,11,23,-9,7,17,1,19,-9,25,45,-9,-9,-9,-9,1,18,-9,-9,1,50,20,5,6,39,13,97,-9,12,3,-9,3,17,15,11
2016,3,2016.17,0,26,3.8,3,0,0,-9,0,0,3,-9,-9,4,-9,18,117.5,1,6,1,5,-9,82,36,1,18,-9,1,15,-9,0,0,4,0,63,0,11,88,2,10.4,10.2,1,7,4,-9,4,1,0,1,-9,0,14,-9,-9,-9,-9,0,8,-9,-9,0,5,4,6,0,6,0,29,-9,1,3,-9,0,0,0,4
2016,4,2016.25,186,321,132.7,44,5,186,-9,18,32,55,-9,-9,86,-9,175,351,49,103,84,74,-9,274,196,142,175,-9,131,160,-9,20,41,38,49,278,38,133,247,135,68.3,57.9,25,57,13,-9,19,76,158,79,-9,32,24,-9,-9,-9,-9,115,79,-9,-9,143,59,77,89,64,211,108,225,-9,72,31,-9,48,189,69,39
2016,5,2016.33,358,358,336.4,557,174,387,-9,297,155,403,-9,-9,160,-9,313,358,275,289,260,264,-9,614,407,332,313,-9,215,261,-9,301,320,241,204,687,363,412,499,430,254.6,280.4,316,-9,69,-9,205,168,330,282,-9,162,241,-9,-9,-9,-9,232,264,-9,-9,284,269,201,264,255,-9,358,427,-9,185,487,-9,367,451,407,223
2016,6,2016.42,342,359,266.1,405,244,384,-9,272,222,277,-9,-9,373,-9,262,227,295,417,186,231,-9,357,333,216,262,-9,248,244,-9,323,297,323,270,335,218,219,313,316,283.2,397.3,236,285,250,-9,270,186,316,244,-9,215,272,-9,-9,-9,-9,274,301,-9,-9,278,234,372,297,219,-9,378,216,-9,360,410,-9,464,231,322,225
2016,7,2016.5,265,383,227.1,281,148,367,-9,180,177,300,-9,-9,405,-9,220,300,220,243,366,260,-9,506,259,223,220,-9,157,301,-9,156,186,596,133,671,235,363,515,254,411,543,262,144,301,-9,301,282,296,223,-9,258,223,-9,-9,-9,-9,180,405,-9,-9,210,306,367,322,296,195,139,349,-9,175,255,-9,213,82,203,184
2016,8,2016.58,217,315,243.6,243,116,291,-9,200,-9,183,-9,-9,148,-9,250,375,200,129,169,82,-9,425,287,197,250,-9,109,201,-9,193,180,312,209,423,98,290,411,209,142.8,319,-9,130,116,-9,117,137,166,52,-9,79,259,-9,-9,-9,-9,176,168,-9,-9,192,239,98,154,49,213,151,315,-9,124,198,-9,288,95,327,151
2016,9,2016.67,298,394,292.4,356,117,234,-9,128,-9,335,-9,-9,271,-9,457,380,326,335,366,206,-9,686,515,482,457,-9,206,461,-9,137,149,601,127,400,216,317,468,270,431,466.1,-9,-9,364,-9,362,240,204,222,-9,345,275,-9,-9,-9,-9,162,344,-9,-9,176,465,288,271,243,-9,314,369,-9,373,346,-9,348,282,-9,294
2016,10,2016.75,352,484,458.3,245,209,553,-9,249,-9,305,-9,-9,394,-9,451,726,388,448,270,203,-9,576,389,399,451,-9,304,404,-9,276,336,254,263,483,219,348,380,420,269,464.6,232,383,268,-9,286,90,190,244,-9,213,451,-9,-9,-9,-9,259,284,-9,-9,232,522,310,289,195,365,321,368,-9,307,258,-9,456,208,433,254
2016,11,2016.83,817,1035,918.1,756,380,819,-9,476,446,742,-9,-9,815,-9,718,303,692,469,666,706,-9,543,547,-9,718,-9,513,784,-9,533,494,710,428,773,592,889,649,791,1158,864.6,624,405,916,-9,968,716,572,706,-9,524,423,-9,-9,-9,-9,487,946,-9,-9,518,675,827,841,720,-9,721,773,-9,608,743,-9,743,913,661,626
2016,12,2016.92,108,228,158.8,46,57,91,-9,168,150,158,-9,-9,139,-9,229,0,154,181,70,-9,-9,483,311,-9,229,-9,113,-9,-9,138,163,220,158,452,-9,346,477,121,436.4,279.4,99,108,-9,-9,-9,144,54,192,-9,-9,149,-9,-9,-9,-9,91,126,-9,-9,92,264,136,-9,133,-9,-9,390,-9,119,26,-9,63,144,177,95
2017,1,2017,4,26,20.8,42,7,1,-9,2,5,9,-9,-9,8,-9,75,63,9,49,3,14,-9,288,120,18,75,-9,19,22,-9,0,0,21,0,149,23,88,206,22,35.7,23.4,8,7,24,-9,21,25,9,23,-9,21,27,-9,-9,-9,-9,5,11,-9,-9,3,63,12,3,10,-9,60,111,-9,2,18,-9,7,15,47,8
2017,2,2017.08,0,13,4.1,0,0,0,-9,0,5,1,-9,-9,6,-9,20,21,3,21,8,14,-9,208,62,14,20,-9,6,3,-9,3,0,9,0,118,10,58,130,15,10.4,10.4,15,7,8,-9,14,18,2,11,-9,18,21,-9,-9,-9,-9,5,17,-9,-9,0,24,15,3,8,0,1,56,-9,1,0,-9,0,5,40,4
2017,3,2017.17,2,56,21.5,12,48,3,-9,10,11,39,-9,-9,45,-9,90,109,28,80,13,47,-9,18,208,16,90,-9,45,40,-9,8,8,21,15,364,1,168,407,21,14.7,35.6,12,64,38,-9,31,35,14,68,-9,41,88,-9,-9,-9,-9,5,52,-9,-9,1,99,62,28,43,59,50,221,-9,36,59,-9,12,40,70,26
2017,4,2017.25,208,193,109.8,117,15,93,-9,57,43,51,-9,-9,94,-9,66,43,50,80,172,149,-9,365,186,38,66,-9,57,123,-9,45,60,40,45,164,190,93,236,73,32,23.9,182,97,34,-9,184,88,165,64,-9,41,174,-9,-9,-9,-9,134,63,-9,-9,162,43,49,92,82,17,109,102,-9,126,163,-9,109,46,166,166
2017,5,2017.33,262,226,333.2,353,211,249,-9,233,205,254,-9,-9,277,-9,363,397,373,419,326,479,-9,509,420,378,363,-9,300,380,-9,306,298,421,265,481,318,314,494,194,511,285.7,296,336,352,-9,398,343,330,375,-9,296,562,-9,-9,-9,-9,319,317,-9,-9,308,438,194,185,491,144,298,364,-9,309,421,-9,227,149,414,220
2017,6,2017.42,103,52,257.2,185,168,372,-9,131,103,200,-9,-9,188,-9,260,226,156,93,208,145,-9,265,161,232,260,-9,124,119,-9,160,138,270,113,310,233,156,182,256,329,280.2,166,86,234,-9,339,150,237,106,-9,189,247,-9,-9,-9,-9,220,146,-9,-9,250,150,228,195,87,171,193,283,-9,234,200,-9,76,197,195,75
2017,7,2017.5,312,439,358.9,73,158,309,-9,118,136,134,-9,-9,191,-9,306,282,129,214,247,252,-9,615,391,303,306,-9,96,336,-9,147,193,572,112,686,148,378,549,325,474.9,556.9,241,228,396,-9,294,189,123,150,-9,317,225,-9,-9,-9,-9,178,354,-9,-9,166,236,285,171,86,181,253,426,-9,182,264,-9,134,200,207,64
2017,8,2017.58,331,412,236.8,322,440,236,-9,286,340,279,-9,-9,241,-9,244,207,270,379,356,225,-9,423,357,418,244,-9,220,299,-9,294,451,304,278,332,221,139,348,283,295.1,380,325,206,253,-9,287,210,234,298,-9,258,445,-9,-9,-9,-9,285,191,-9,-9,298,37,147,215,269,318,330,195,-9,237,291,-9,496,244,409,136
2017,9,2017.67,305,249,196,314,266,356,-9,247,-9,187,-9,-9,153,-9,238,245,121,207,176,193,-9,390,191,299,238,-9,135,143,-9,216,121,403,236,392,170,204,363,192,255.8,355.1,195,232,198,-9,245,191,157,175,-9,176,246,-9,-9,-9,-9,169,185,-9,-9,166,181,136,100,150,247,179,294,-9,148,275,-9,288,140,381,173
2017,10,2017.75,284,316,364.4,164,230,-9,-9,73,-9,116,-9,-9,153,-9,227,272,151,177,171,184,-9,331,296,293,227,-9,111,256,-9,207,181,407,175,387,202,252,357,327,253,314.7,265,124,268,-9,577,133,295,174,-9,222,289,-9,-9,-9,-9,269,172,-9,-9,290,198,185,90,159,209,203,348,-9,186,214,-9,266,209,374,229
2017,11,2017.83,252,608,510.3,285,301,-9,-9,192,-9,370,-9,-9,413,-9,351,245,275,242,346,236,-9,443,418,379,351,-9,214,515,-9,309,341,579,281,348,359,312,394,468,539.5,355.6,381,207,655,-9,626,189,248,370,-9,463,233,-9,-9,-9,-9,332,437,-9,-9,351,284,282,412,195,252,333,227,-9,370,462,-9,240,275,161,258
2017,12,2017.92,173,438,319.3,170,123,-9,-9,107,-9,220,-9,-9,268,-9,182,399,285,333,97,309,-9,659,387,262,182,-9,224,330,-9,134,68,740,116,634,91,645,691,291,737.1,740,156,283,459,-9,85,289,48,306,-9,320,217,-9,-9,-9,-9,194,290,-9,-9,167,454,45,298,257,240,237,89,-9,131,198,-9,246,439,-9,252
2018,1,2018,-9,578,136.7,85,104,76,-9,42,-9,211,-9,-9,270,-9,80,305,218,414,64,314,-9,733,440,108,80,-9,224,360,-9,98,104,483,127,693,69,474,823,122,634.5,96.8,58,379,541,-9,511,383,56,614,-9,461,394,-9,-9,-9,-9,60,450,-9,-9,56,316,387,236,417,167,156,359,-9,83,113,-9,89,215,160,217
2018,2,2018.08,-9,8,1,0,3,0,-9,2,-9,2,-9,-9,3,-9,0,23,2,15,0,9,-9,210,94,1,0,-9,1,2,-9,1,1,6,5,151,0,62,180,0,7.4,10.9,0,3,7,-9,6,11,0,0,-9,14,7,-9,-9,-9,-9,0,24,-9,-9,0,28,11,2,0,6,1,66,-9,4,0,-9,1,5,30,0
2018,3,2018.17,-9,163,80.8,7,9,23,-9,1,-9,128,-9,-9,107,-9,6,124,113,76,12,119,-9,273,162,33,6,-9,84,137,-9,0,1,26,0,179,10,108,199,59,41.4,43.4,18,97,56,-9,47,48,5,12,-9,49,90,-9,-9,-9,-9,3,74,-9,-9,4,30,82,106,53,47,22,177,-9,58,12,-9,11,40,78,83
2018,4,2018.25,-9,70,172.5,97,131,126,-9,-9,-9,51,-9,-9,25,-9,159,112,23,125,85,33,-9,336,204,23,159,-9,98,33,-9,230,280,76,220,337,98,203,265,183,137.2,51.3,74,121,74,-9,95,29,83,191,-9,60,174,-9,-9,-9,-9,152,31,-9,-9,131,58,21,24,92,-9,27,205,-9,102,62,-9,39,62,130,63
2018,5,2018.33,-9,351,217.4,130,107,229,-9,-9,-9,221,-9,-9,395,-9,218,221,241,276,174,216,-9,492,372,201,218,-9,195,177,-9,109,171,319,194,391,91,247,348,184,368.1,438.9,188,237,282,-9,366,58,145,242,-9,366,279,-9,-9,-9,-9,144,406,-9,-9,156,91,409,357,153,-9,189,255,-9,187,154,-9,167,345,398,147
2018,6,2018.42,-9,551,399,493,294,505,-9,-9,-9,451,-9,-9,445,-9,483,496,432,245,463,358,-9,574,382,556,483,-9,343,461,-9,526,569,597,445,691,415,501,527,476,547.6,435.6,421,299,465,-9,510,296,414,174,-9,388,357,-9,-9,-9,-9,456,232,-9,-9,515,516,315,427,236,-9,514,324,-9,529,524,-9,488,382,335,87
2018,7,2018.5,-9,346,261.7,390,143,343,-9,325,-9,275,-9,-9,352,-9,395,305,305,285,386,283,-9,320,408,306,395,-9,235,251,-9,411,367,505,305,557,476,379,530,247,378.5,619.5,329,184,391,-9,365,275,414,249,-9,272,275,-9,-9,-9,-9,459,305,-9,-9,392,276,299,294,245,-9,244,466,-9,289,464,-9,327,192,185,211
2018,8,2018.58,-9,331,176.2,262,114,394,-9,188,-9,189,-9,-9,239,-9,340,234,214,166,272,86,-9,131,172,406,340,-9,87,173,-9,139,256,339,215,261,319,154,292,186,332.7,357.1,162,86,248,-9,285,72,274,203,-9,229,346,-9,-9,-9,-9,278,319,-9,-9,196,185,268,191,170,-9,277,171,-9,250,212,-9,348,144,371,139
2018,9,2018.67,-9,462,410.6,362,203,519,-9,215,-9,300,-9,-9,248,-9,,412,340,346,173,334,-9,148,379,517,-9,-9,341,48,-9,251,199,,151,470,197,462,351,388,554.5,530.6,331,317,450,-9,412,11,162,287,-9,345,396,-9,-9,-9,-9,246,497,-9,-9,227,341,301,303,281,-9,334,408,-9,380,434,-9,507,372,423,264
2018,10,2018.75,-9,425,513.2,300,178,375,-9,230,268,395,-9,-9,436.3,-9,315,371,301,191,276,165,-9,108,422,306,315,-9,218,358,-9,366,274,,225,301,278,327,320,438,337.8,300.2,323,350,295,-9,274,203,269,248,-9,280,414,-9,-9,-9,-9,305,272,-9,-9,344,437,318,453,230,-9,343,453,-9,399,405,-9,307,284,359,305
2018,11,2018.83,-9,326,219.1,193,191,203,-9,343,328,323,-9,-9,243,-9,169,502,272,472,141,166,-9,81,838,275,169,-9,279,404,-9,438,332,,360,775,149,461,772,218,625.8,592.1,157,310,380,-9,438,208,160,339,-9,290,414,-9,-9,-9,-9,374,235,-9,-9,315,375,207,314,208,-9,257,676,-9,172,185,-9,276,245,220,181
2018,12,2018.92,-9,32,20.1,3,8,20,-9,118,149,8,-9,-9,27,-9,26,19,5,77,21,17,-9,75,38,1,26,-9,24,17,-9,46,43,14,74,89,23,69,97,19,96.8,43.7,4,18,27,-9,44,0,21,27,-9,38,68,-9,-9,-9,-9,57,33,-9,-9,46,25,19,12,21,-9,7,45,-9,13,11,-9,4,14,30,2
2019,1,2019,,,,,,,,,,,,,,,,,,,,,,,,,,,,,,,,,,,,,,,,,,,,,,,,,,,,,,,,,,,,,,,,,,,,,,,,,,,
2019,2,2019.08,,,,,,,,,,,,,,,,,,,,,,,,,,,,,,,,,,,,,,,,,,,,,,,,,,,,,,,,,,,,,,,,,,,,,,,,,,,
2019,3,2019.17,,,,,,,,,,,,,,,,,,,,,,,,,,,,,,,,,,,,,,,,,,,,,,,,,,,,,,,,,,,,,,,,,,,,,,,,,,,
2019,4,2019.25,,,,,,,,,,,,,,,,,,,,,,,,,,,,,,,,,,,,,,,,,,,,,,,,,,,,,,,,,,,,,,,,,,,,,,,,,,,
2019,5,2019.33,,,,,,,,,,,,,,,,,,,,,,,,,,,,,,,,,,,,,,,,,,,,,,,,,,,,,,,,,,,,,,,,,,,,,,,,,,,
2019,6,2019.42,,,,,,,,,,,,,,,,,,,,,,,,,,,,,,,,,,,,,,,,,,,,,,,,,,,,,,,,,,,,,,,,,,,,,,,,,,,
2019,7,2019.5,,,,,,,,,,,,,,,,,,,,,,,,,,,,,,,,,,,,,,,,,,,,,,,,,,,,,,,,,,,,,,,,,,,,,,,,,,,
2019,8,2019.58,,,,,,,,,,,,,,,,,,,,,,,,,,,,,,,,,,,,,,,,,,,,,,,,,,,,,,,,,,,,,,,,,,,,,,,,,,,
2019,9,2019.67,,,,,,,,,,,,,,,,,,,,,,,,,,,,,,,,,,,,,,,,,,,,,,,,,,,,,,,,,,,,,,,,,,,,,,,,,,,
2019,10,2019.75,,,,,,,,,,,,,,,,,,,,,,,,,,,,,,,,,,,,,,,,,,,,,,,,,,,,,,,,,,,,,,,,,,,,,,,,,,,
2019,11,2019.83,,,,,,,,,,,,,,,,,,,,,,,,,,,,,,,,,,,,,,,,,,,,,,,,,,,,,,,,,,,,,,,,,,,,,,,,,,,
2019,12,2019.92,,,,,,,,,,,,,,,,,,,,,,,,,,,,,,,,,,,,,,,,,,,,,,,,,,,,,,,,,,,,,,,,,,,,,,,,,,,
2020,1,2020,,,,,,,,,,,,,,,,,,,,,,,,,,,,,,,,,,,,,,,,,,,,,,,,,,,,,,,,,,,,,,,,,,,,,,,,,,,
2020,2,2020.08,,,,,,,,,,,,,,,,,,,,,,,,,,,,,,,,,,,,,,,,,,,,,,,,,,,,,,,,,,,,,,,,,,,,,,,,,,,
2020,3,2020.17,,,,,,,,,,,,,,,,,,,,,,,,,,,,,,,,,,,,,,,,,,,,,,,,,,,,,,,,,,,,,,,,,,,,,,,,,,,
2020,4,2020.25,,,,,,,,,,,,,,,,,,,,,,,,,,,,,,,,,,,,,,,,,,,,,,,,,,,,,,,,,,,,,,,,,,,,,,,,,,,
2020,5,2020.33,,,,,,,,,,,,,,,,,,,,,,,,,,,,,,,,,,,,,,,,,,,,,,,,,,,,,,,,,,,,,,,,,,,,,,,,,,,
2020,6,2020.42,,,,,,,,,,,,,,,,,,,,,,,,,,,,,,,,,,,,,,,,,,,,,,,,,,,,,,,,,,,,,,,,,,,,,,,,,,,
2020,7,2020.5,,,,,,,,,,,,,,,,,,,,,,,,,,,,,,,,,,,,,,,,,,,,,,,,,,,,,,,,,,,,,,,,,,,,,,,,,,,
2020,8,2020.58,,,,,,,,,,,,,,,,,,,,,,,,,,,,,,,,,,,,,,,,,,,,,,,,,,,,,,,,,,,,,,,,,,,,,,,,,,,
2020,9,2020.67,,,,,,,,,,,,,,,,,,,,,,,,,,,,,,,,,,,,,,,,,,,,,,,,,,,,,,,,,,,,,,,,,,,,,,,,,,,
2020,10,2020.75,,,,,,,,,,,,,,,,,,,,,,,,,,,,,,,,,,,,,,,,,,,,,,,,,,,,,,,,,,,,,,,,,,,,,,,,,,,
2020,11,2020.83,,,,,,,,,,,,,,,,,,,,,,,,,,,,,,,,,,,,,,,,,,,,,,,,,,,,,,,,,,,,,,,,,,,,,,,,,,,
2020,12,2020.92,,,,,,,,,,,,,,,,,,,,,,,,,,,,,,,,,,,,,,,,,,,,,,,,,,,,,,,,,,,,,,,,,,,,,,,,,,,